-- Generated from the ActionDev curriculum manifest. Do not edit by hand.
begin;
insert into public.course_versions(id, version, status, title, manifest_sha256, release_notes, published_at) values ('9984bf3c-330f-5a3c-a6d5-0e363377e597', '1.0.0-draft', 'published', 'ActionDev: Custom C++ Online Co-op ARPG', '9a2bd142e3189ea07ae5886a23da9b635c8d2b7105baedccce094f3aac119df2', 'Initial implementation curriculum generated from the approved blueprint.', now()) on conflict (id) do update set manifest_sha256 = excluded.manifest_sha256, release_notes = excluded.release_notes;
insert into public.course_modules(id, course_version_id, slug, title, stage_slug, position, source_lesson_codes) values ('9acdab01-47aa-5d34-8ec3-aaf350f13eae', '9984bf3c-330f-5a3c-a6d5-0e363377e597', 'ad-or', 'Mission and architecture boundary', 'stage-0', 0, array['AD-OR']) on conflict (id) do update set title = excluded.title, position = excluded.position;
insert into public.course_modules(id, course_version_id, slug, title, stage_slug, position, source_lesson_codes) values ('c148f602-8a79-5e43-a18b-9274502d8bea', '9984bf3c-330f-5a3c-a6d5-0e363377e597', 'ad-fd', 'Modern C++, repository, and engineering discipline', 'stage-0', 1, array['AD-FD']) on conflict (id) do update set title = excluded.title, position = excluded.position;
insert into public.course_modules(id, course_version_id, slug, title, stage_slug, position, source_lesson_codes) values ('8fc0d6d4-da1e-530c-aa1a-41d2f8e20594', '9984bf3c-330f-5a3c-a6d5-0e363377e597', 'ad-pl', 'SDL3 platform shell', 'stage-1', 2, array['AD-PL']) on conflict (id) do update set title = excluded.title, position = excluded.position;
insert into public.course_modules(id, course_version_id, slug, title, stage_slug, position, source_lesson_codes) values ('aa7e7aae-da7a-5be0-b009-22f2bd592c6b', '9984bf3c-330f-5a3c-a6d5-0e363377e597', 'ad-rn', 'bgfx rendering and asset ingress', 'stage-1', 3, array['AD-RN']) on conflict (id) do update set title = excluded.title, position = excluded.position;
insert into public.course_modules(id, course_version_id, slug, title, stage_slug, position, source_lesson_codes) values ('20d77518-db58-57f8-8671-caa4551e7542', '9984bf3c-330f-5a3c-a6d5-0e363377e597', 'ad-dt', 'EnTT, schemas, serialization, and tools', 'stage-1', 4, array['AD-DT']) on conflict (id) do update set title = excluded.title, position = excluded.position;
insert into public.course_modules(id, course_version_id, slug, title, stage_slug, position, source_lesson_codes) values ('357ceded-00ac-568a-ab9b-9bbb6a69b10c', '9984bf3c-330f-5a3c-a6d5-0e363377e597', 'ad-sm', 'Fixed-step simulation and Jolt gameplay queries', 'stage-2', 5, array['AD-SM']) on conflict (id) do update set title = excluded.title, position = excluded.position;
insert into public.course_modules(id, course_version_id, slug, title, stage_slug, position, source_lesson_codes) values ('0c21e2ce-e7e3-59dc-b9dd-7fca2d83509b', '9984bf3c-330f-5a3c-a6d5-0e363377e597', 'ad-an', 'Ozz and the animation-combat contract', 'stage-2', 6, array['AD-AN']) on conflict (id) do update set title = excluded.title, position = excluded.position;
insert into public.course_modules(id, course_version_id, slug, title, stage_slug, position, source_lesson_codes) values ('d3e25b35-4aff-5ae6-a4db-9ad5f9baca5e', '9984bf3c-330f-5a3c-a6d5-0e363377e597', 'ad-cb', 'Canonical third-person combat law', 'stage-2', 7, array['AD-CB']) on conflict (id) do update set title = excluded.title, position = excluded.position;
insert into public.course_modules(id, course_version_id, slug, title, stage_slug, position, source_lesson_codes) values ('be15e04f-0758-5fc4-973f-3b4b2288030c', '9984bf3c-330f-5a3c-a6d5-0e363377e597', 'ad-rp', 'Ability architecture and Diablo II-inspired buildcraft', 'stage-3', 8, array['AD-RP']) on conflict (id) do update set title = excluded.title, position = excluded.position;
insert into public.course_modules(id, course_version_id, slug, title, stage_slug, position, source_lesson_codes) values ('07fd7a80-ca0b-512e-9f5d-7eb4529be3ff', '9984bf3c-330f-5a3c-a6d5-0e363377e597', 'ad-ai', 'Recast/Detour and server-owned encounter intelligence', 'stage-4', 9, array['AD-AI']) on conflict (id) do update set title = excluded.title, position = excluded.position;
insert into public.course_modules(id, course_version_id, slug, title, stage_slug, position, source_lesson_codes) values ('a5e62633-e957-5476-bcfd-15051912e4ed', '9984bf3c-330f-5a3c-a6d5-0e363377e597', 'ad-nw', 'Eight-player client/server architecture', 'stage-5', 10, array['AD-NW']) on conflict (id) do update set title = excluded.title, position = excluded.position;
insert into public.course_modules(id, course_version_id, slug, title, stage_slug, position, source_lesson_codes) values ('b9125c01-9ee0-595f-ab61-29ab31841c69', '9984bf3c-330f-5a3c-a6d5-0e363377e597', 'ad-ux', 'Eight-player player-facing systems', 'stage-6', 11, array['AD-UX']) on conflict (id) do update set title = excluded.title, position = excluded.position;
insert into public.course_modules(id, course_version_id, slug, title, stage_slug, position, source_lesson_codes) values ('63c6ba8c-4627-5c9c-af85-59e7e820438e', '9984bf3c-330f-5a3c-a6d5-0e363377e597', 'ad-qa', 'Production quality engineering', 'stage-7', 12, array['AD-QA']) on conflict (id) do update set title = excluded.title, position = excluded.position;
insert into public.course_modules(id, course_version_id, slug, title, stage_slug, position, source_lesson_codes) values ('956d9d38-def6-5d32-9155-2f1a0a14b0bc', '9984bf3c-330f-5a3c-a6d5-0e363377e597', 'ad-sh', 'Steam platform and live operations', 'stage-7', 13, array['AD-SH']) on conflict (id) do update set title = excluded.title, position = excluded.position;
insert into public.lessons(id, slug, canonical_title) values ('63c049f9-3e23-5e20-8d58-fae0f35a89da', 'ad-or-01', 'The ActionDev learning contract') on conflict (id) do update set canonical_title = excluded.canonical_title;
insert into public.lesson_versions(id, lesson_id, course_version_id, module_id, version, title, position, change_class, estimated_study_minutes, estimated_project_minutes, requires_project_evidence, content_sha256, published_at) values ('41d13911-92f5-5b6d-91b6-6af5f2bbc6af', '63c049f9-3e23-5e20-8d58-fae0f35a89da', '9984bf3c-330f-5a3c-a6d5-0e363377e597', '9acdab01-47aa-5d34-8ec3-aaf350f13eae', '1.0.0', 'The ActionDev learning contract', 0, 'major', 60, 30, false, '605b01c81daf648a0bdfae0157bee52b8031890d9b415195838410133596b41e', now()) on conflict (id) do update set title = excluded.title, content_sha256 = excluded.content_sha256;
insert into public.exercise_definitions(id, lesson_version_id, slug, type, mode, max_score, pass_score, evaluator_version, is_required, public_metadata) values ('f82c3208-27bf-55d8-adf6-693ea7eb6f7d', '41d13911-92f5-5b6d-91b6-6af5f2bbc6af', 'contract-check', 'multiple_choice', 'gating', 1, 1, 'exact-v1', true, jsonb_build_object('lesson_id', 'AD-OR-01')) on conflict (id) do update set evaluator_version = excluded.evaluator_version;
insert into content_private.exercise_keys(exercise_id, evaluator_kind, answer_key) values ('f82c3208-27bf-55d8-adf6-693ea7eb6f7d', 'exact', to_jsonb('correct'::text)) on conflict (exercise_id) do update set answer_key = excluded.answer_key;
insert into public.lessons(id, slug, canonical_title) values ('2ea47b0d-fa6a-557c-ab56-ff9876c500b5', 'ad-or-02', 'Build the ARPG, not a general engine') on conflict (id) do update set canonical_title = excluded.canonical_title;
insert into public.lesson_versions(id, lesson_id, course_version_id, module_id, version, title, position, change_class, estimated_study_minutes, estimated_project_minutes, requires_project_evidence, content_sha256, published_at) values ('7b0a5fb5-5fe2-5a42-bc40-a1a018ab1a80', '2ea47b0d-fa6a-557c-ab56-ff9876c500b5', '9984bf3c-330f-5a3c-a6d5-0e363377e597', '9acdab01-47aa-5d34-8ec3-aaf350f13eae', '1.0.0', 'Build the ARPG, not a general engine', 1, 'major', 120, 60, true, '6deb5965629193f2b5f592610d3a898af9a814ee949d5d27932776d027e53bd7', now()) on conflict (id) do update set title = excluded.title, content_sha256 = excluded.content_sha256;
insert into public.exercise_definitions(id, lesson_version_id, slug, type, mode, max_score, pass_score, evaluator_version, is_required, public_metadata) values ('c5c412a7-34a1-54ac-a9c4-057b570ba8e2', '7b0a5fb5-5fe2-5a42-bc40-a1a018ab1a80', 'contract-check', 'multiple_choice', 'gating', 1, 1, 'exact-v1', true, jsonb_build_object('lesson_id', 'AD-OR-02')) on conflict (id) do update set evaluator_version = excluded.evaluator_version;
insert into content_private.exercise_keys(exercise_id, evaluator_kind, answer_key) values ('c5c412a7-34a1-54ac-a9c4-057b570ba8e2', 'exact', to_jsonb('correct'::text)) on conflict (exercise_id) do update set answer_key = excluded.answer_key;
insert into public.lesson_prerequisites(lesson_version_id, prerequisite_lesson_id) values ('7b0a5fb5-5fe2-5a42-bc40-a1a018ab1a80', '63c049f9-3e23-5e20-8d58-fae0f35a89da') on conflict do nothing;
insert into public.lessons(id, slug, canonical_title) values ('52a70552-b75a-529f-82ae-89189236c459', 'ad-fd-01', 'Command line, compiler, linker, and debugger mental model') on conflict (id) do update set canonical_title = excluded.canonical_title;
insert into public.lesson_versions(id, lesson_id, course_version_id, module_id, version, title, position, change_class, estimated_study_minutes, estimated_project_minutes, requires_project_evidence, content_sha256, published_at) values ('f6168c21-9cc1-506f-b577-6ff8928962d4', '52a70552-b75a-529f-82ae-89189236c459', '9984bf3c-330f-5a3c-a6d5-0e363377e597', 'c148f602-8a79-5e43-a18b-9274502d8bea', '1.0.0', 'Command line, compiler, linker, and debugger mental model', 0, 'major', 240, 120, true, 'a5728faef22152f85aa77a18145a70d5a71c72c50472c8a8074aa6244c02422d', now()) on conflict (id) do update set title = excluded.title, content_sha256 = excluded.content_sha256;
insert into public.exercise_definitions(id, lesson_version_id, slug, type, mode, max_score, pass_score, evaluator_version, is_required, public_metadata) values ('8a4fae86-3739-51de-a58a-9b791dd9a932', 'f6168c21-9cc1-506f-b577-6ff8928962d4', 'contract-check', 'multiple_choice', 'gating', 1, 1, 'exact-v1', true, jsonb_build_object('lesson_id', 'AD-FD-01')) on conflict (id) do update set evaluator_version = excluded.evaluator_version;
insert into content_private.exercise_keys(exercise_id, evaluator_kind, answer_key) values ('8a4fae86-3739-51de-a58a-9b791dd9a932', 'exact', to_jsonb('correct'::text)) on conflict (exercise_id) do update set answer_key = excluded.answer_key;
insert into public.lesson_prerequisites(lesson_version_id, prerequisite_lesson_id) values ('f6168c21-9cc1-506f-b577-6ff8928962d4', '2ea47b0d-fa6a-557c-ab56-ff9876c500b5') on conflict do nothing;
insert into public.lessons(id, slug, canonical_title) values ('2e29c7a1-41f1-5f14-be5f-f1ff3f297766', 'ad-fd-02', 'Types, control flow, functions, structs, and namespaces') on conflict (id) do update set canonical_title = excluded.canonical_title;
insert into public.lesson_versions(id, lesson_id, course_version_id, module_id, version, title, position, change_class, estimated_study_minutes, estimated_project_minutes, requires_project_evidence, content_sha256, published_at) values ('17b6e62b-8648-5d44-bf60-7e2d43a1737b', '2e29c7a1-41f1-5f14-be5f-f1ff3f297766', '9984bf3c-330f-5a3c-a6d5-0e363377e597', 'c148f602-8a79-5e43-a18b-9274502d8bea', '1.0.0', 'Types, control flow, functions, structs, and namespaces', 1, 'major', 480, 240, true, '08fd8103cde9fffb1bbc44b0d26d11a959d9d9b6239ac4e8dcc94f03162bb77c', now()) on conflict (id) do update set title = excluded.title, content_sha256 = excluded.content_sha256;
insert into public.exercise_definitions(id, lesson_version_id, slug, type, mode, max_score, pass_score, evaluator_version, is_required, public_metadata) values ('0cb9700e-34c6-5c51-b424-2039963c3277', '17b6e62b-8648-5d44-bf60-7e2d43a1737b', 'contract-check', 'multiple_choice', 'gating', 1, 1, 'exact-v1', true, jsonb_build_object('lesson_id', 'AD-FD-02')) on conflict (id) do update set evaluator_version = excluded.evaluator_version;
insert into content_private.exercise_keys(exercise_id, evaluator_kind, answer_key) values ('0cb9700e-34c6-5c51-b424-2039963c3277', 'exact', to_jsonb('correct'::text)) on conflict (exercise_id) do update set answer_key = excluded.answer_key;
insert into public.lesson_prerequisites(lesson_version_id, prerequisite_lesson_id) values ('17b6e62b-8648-5d44-bf60-7e2d43a1737b', '52a70552-b75a-529f-82ae-89189236c459') on conflict do nothing;
insert into public.lessons(id, slug, canonical_title) values ('6d6a5ecd-1092-5d39-b51d-ea68b060f4e1', 'ad-fd-03', 'RAII, ownership, lifetime, and resource safety') on conflict (id) do update set canonical_title = excluded.canonical_title;
insert into public.lesson_versions(id, lesson_id, course_version_id, module_id, version, title, position, change_class, estimated_study_minutes, estimated_project_minutes, requires_project_evidence, content_sha256, published_at) values ('a0a62a99-32b5-5ff7-b4a0-b0ed1790bb18', '6d6a5ecd-1092-5d39-b51d-ea68b060f4e1', '9984bf3c-330f-5a3c-a6d5-0e363377e597', 'c148f602-8a79-5e43-a18b-9274502d8bea', '1.0.0', 'RAII, ownership, lifetime, and resource safety', 2, 'major', 480, 300, true, '4575f81d5a144e6bd3f81b1155d8caa7e79d25acf6a6144c77dd9c98d8640f7d', now()) on conflict (id) do update set title = excluded.title, content_sha256 = excluded.content_sha256;
insert into public.exercise_definitions(id, lesson_version_id, slug, type, mode, max_score, pass_score, evaluator_version, is_required, public_metadata) values ('88cdbbe5-cc98-588c-92f4-f1909897d649', 'a0a62a99-32b5-5ff7-b4a0-b0ed1790bb18', 'contract-check', 'multiple_choice', 'gating', 1, 1, 'exact-v1', true, jsonb_build_object('lesson_id', 'AD-FD-03')) on conflict (id) do update set evaluator_version = excluded.evaluator_version;
insert into content_private.exercise_keys(exercise_id, evaluator_kind, answer_key) values ('88cdbbe5-cc98-588c-92f4-f1909897d649', 'exact', to_jsonb('correct'::text)) on conflict (exercise_id) do update set answer_key = excluded.answer_key;
insert into public.lesson_prerequisites(lesson_version_id, prerequisite_lesson_id) values ('a0a62a99-32b5-5ff7-b4a0-b0ed1790bb18', '2e29c7a1-41f1-5f14-be5f-f1ff3f297766') on conflict do nothing;
insert into public.lessons(id, slug, canonical_title) values ('a1e185c1-ad60-5bee-a7e1-bed5c61c957f', 'ad-fd-04', 'Value semantics, move semantics, containers, spans, and ranges') on conflict (id) do update set canonical_title = excluded.canonical_title;
insert into public.lesson_versions(id, lesson_id, course_version_id, module_id, version, title, position, change_class, estimated_study_minutes, estimated_project_minutes, requires_project_evidence, content_sha256, published_at) values ('0156e19b-1c7c-5e15-806e-83eef075491c', 'a1e185c1-ad60-5bee-a7e1-bed5c61c957f', '9984bf3c-330f-5a3c-a6d5-0e363377e597', 'c148f602-8a79-5e43-a18b-9274502d8bea', '1.0.0', 'Value semantics, move semantics, containers, spans, and ranges', 3, 'major', 480, 300, true, '4a45784b0a6db0d0ca1b00fd3af45b6b1b4611c304ec450591b57808fc1c3679', now()) on conflict (id) do update set title = excluded.title, content_sha256 = excluded.content_sha256;
insert into public.exercise_definitions(id, lesson_version_id, slug, type, mode, max_score, pass_score, evaluator_version, is_required, public_metadata) values ('c3fb04b5-b881-5f65-a1dc-63b26ca6df7d', '0156e19b-1c7c-5e15-806e-83eef075491c', 'contract-check', 'multiple_choice', 'gating', 1, 1, 'exact-v1', true, jsonb_build_object('lesson_id', 'AD-FD-04')) on conflict (id) do update set evaluator_version = excluded.evaluator_version;
insert into content_private.exercise_keys(exercise_id, evaluator_kind, answer_key) values ('c3fb04b5-b881-5f65-a1dc-63b26ca6df7d', 'exact', to_jsonb('correct'::text)) on conflict (exercise_id) do update set answer_key = excluded.answer_key;
insert into public.lesson_prerequisites(lesson_version_id, prerequisite_lesson_id) values ('0156e19b-1c7c-5e15-806e-83eef075491c', '6d6a5ecd-1092-5d39-b51d-ea68b060f4e1') on conflict do nothing;
insert into public.lessons(id, slug, canonical_title) values ('c2858eee-4ce4-5e3f-b9c1-70c019e84474', 'ad-fd-05', 'APIs, errors, strong IDs, tags, and serialization-friendly data') on conflict (id) do update set canonical_title = excluded.canonical_title;
insert into public.lesson_versions(id, lesson_id, course_version_id, module_id, version, title, position, change_class, estimated_study_minutes, estimated_project_minutes, requires_project_evidence, content_sha256, published_at) values ('ad41cd9a-6c49-552d-a0a2-0b98c61d0d92', 'c2858eee-4ce4-5e3f-b9c1-70c019e84474', '9984bf3c-330f-5a3c-a6d5-0e363377e597', 'c148f602-8a79-5e43-a18b-9274502d8bea', '1.0.0', 'APIs, errors, strong IDs, tags, and serialization-friendly data', 4, 'major', 480, 360, true, 'c02c79ca733c2df91786f45097bb494e9350d876aa53fedf6453a25fbd6e7670', now()) on conflict (id) do update set title = excluded.title, content_sha256 = excluded.content_sha256;
insert into public.exercise_definitions(id, lesson_version_id, slug, type, mode, max_score, pass_score, evaluator_version, is_required, public_metadata) values ('45ec42c7-ebd7-540d-9676-7b738f86fb53', 'ad41cd9a-6c49-552d-a0a2-0b98c61d0d92', 'contract-check', 'multiple_choice', 'gating', 1, 1, 'exact-v1', true, jsonb_build_object('lesson_id', 'AD-FD-05')) on conflict (id) do update set evaluator_version = excluded.evaluator_version;
insert into content_private.exercise_keys(exercise_id, evaluator_kind, answer_key) values ('45ec42c7-ebd7-540d-9676-7b738f86fb53', 'exact', to_jsonb('correct'::text)) on conflict (exercise_id) do update set answer_key = excluded.answer_key;
insert into public.lesson_prerequisites(lesson_version_id, prerequisite_lesson_id) values ('ad41cd9a-6c49-552d-a0a2-0b98c61d0d92', 'a1e185c1-ad60-5bee-a7e1-bed5c61c957f') on conflict do nothing;
insert into public.lessons(id, slug, canonical_title) values ('5420f522-82c1-548d-bef4-adb1b83fc76c', 'ad-fd-06', 'CMake targets, presets, packages, and repository layout') on conflict (id) do update set canonical_title = excluded.canonical_title;
insert into public.lesson_versions(id, lesson_id, course_version_id, module_id, version, title, position, change_class, estimated_study_minutes, estimated_project_minutes, requires_project_evidence, content_sha256, published_at) values ('a925801e-fe5c-5b93-b1d9-c564d6f73597', '5420f522-82c1-548d-bef4-adb1b83fc76c', '9984bf3c-330f-5a3c-a6d5-0e363377e597', 'c148f602-8a79-5e43-a18b-9274502d8bea', '1.0.0', 'CMake targets, presets, packages, and repository layout', 5, 'major', 600, 480, true, 'f6fcf27976731b129da3b1f724f640e4603a6fc0480f7ce0ae1f717d95c90c6d', now()) on conflict (id) do update set title = excluded.title, content_sha256 = excluded.content_sha256;
insert into public.exercise_definitions(id, lesson_version_id, slug, type, mode, max_score, pass_score, evaluator_version, is_required, public_metadata) values ('bb31ff29-92e5-55b0-b251-d59a20e61626', 'a925801e-fe5c-5b93-b1d9-c564d6f73597', 'contract-check', 'multiple_choice', 'gating', 1, 1, 'exact-v1', true, jsonb_build_object('lesson_id', 'AD-FD-06')) on conflict (id) do update set evaluator_version = excluded.evaluator_version;
insert into content_private.exercise_keys(exercise_id, evaluator_kind, answer_key) values ('bb31ff29-92e5-55b0-b251-d59a20e61626', 'exact', to_jsonb('correct'::text)) on conflict (exercise_id) do update set answer_key = excluded.answer_key;
insert into public.lesson_prerequisites(lesson_version_id, prerequisite_lesson_id) values ('a925801e-fe5c-5b93-b1d9-c564d6f73597', 'c2858eee-4ce4-5e3f-b9c1-70c019e84474') on conflict do nothing;
insert into public.lessons(id, slug, canonical_title) values ('c9e1c793-f3a1-5d0d-beaf-6341c61b88e1', 'ad-fd-07', 'Git, GitHub, LFS, branches, and reviewable changes') on conflict (id) do update set canonical_title = excluded.canonical_title;
insert into public.lesson_versions(id, lesson_id, course_version_id, module_id, version, title, position, change_class, estimated_study_minutes, estimated_project_minutes, requires_project_evidence, content_sha256, published_at) values ('fbbbdf70-594c-52b6-924e-24c235ba9d99', 'c9e1c793-f3a1-5d0d-beaf-6341c61b88e1', '9984bf3c-330f-5a3c-a6d5-0e363377e597', 'c148f602-8a79-5e43-a18b-9274502d8bea', '1.0.0', 'Git, GitHub, LFS, branches, and reviewable changes', 6, 'major', 360, 180, true, '29f720aa6af731bc1704d9a0f61e62f460b533552a5c1cab50accf081952bf71', now()) on conflict (id) do update set title = excluded.title, content_sha256 = excluded.content_sha256;
insert into public.exercise_definitions(id, lesson_version_id, slug, type, mode, max_score, pass_score, evaluator_version, is_required, public_metadata) values ('1396ada3-e7e7-5d14-ab6c-ed6a1b563e4d', 'fbbbdf70-594c-52b6-924e-24c235ba9d99', 'contract-check', 'multiple_choice', 'gating', 1, 1, 'exact-v1', true, jsonb_build_object('lesson_id', 'AD-FD-07')) on conflict (id) do update set evaluator_version = excluded.evaluator_version;
insert into content_private.exercise_keys(exercise_id, evaluator_kind, answer_key) values ('1396ada3-e7e7-5d14-ab6c-ed6a1b563e4d', 'exact', to_jsonb('correct'::text)) on conflict (exercise_id) do update set answer_key = excluded.answer_key;
insert into public.lesson_prerequisites(lesson_version_id, prerequisite_lesson_id) values ('fbbbdf70-594c-52b6-924e-24c235ba9d99', '5420f522-82c1-548d-bef4-adb1b83fc76c') on conflict do nothing;
insert into public.lessons(id, slug, canonical_title) values ('4a322b8a-c449-544a-86d8-ff5e7e2f96bd', 'ad-fd-08', 'Tests, CI, sanitizers, logging, profiling, and build discipline') on conflict (id) do update set canonical_title = excluded.canonical_title;
insert into public.lesson_versions(id, lesson_id, course_version_id, module_id, version, title, position, change_class, estimated_study_minutes, estimated_project_minutes, requires_project_evidence, content_sha256, published_at) values ('27469aa4-33ed-55e1-97d2-0a8cb37f549e', '4a322b8a-c449-544a-86d8-ff5e7e2f96bd', '9984bf3c-330f-5a3c-a6d5-0e363377e597', 'c148f602-8a79-5e43-a18b-9274502d8bea', '1.0.0', 'Tests, CI, sanitizers, logging, profiling, and build discipline', 7, 'major', 600, 480, true, 'a7da8251d463c9c6ceb8385cd757d67dbad1f0d69a999a6d7c595d5f2f92d544', now()) on conflict (id) do update set title = excluded.title, content_sha256 = excluded.content_sha256;
insert into public.exercise_definitions(id, lesson_version_id, slug, type, mode, max_score, pass_score, evaluator_version, is_required, public_metadata) values ('9338051f-1c0d-565a-a677-5a01aa443fda', '27469aa4-33ed-55e1-97d2-0a8cb37f549e', 'contract-check', 'multiple_choice', 'gating', 1, 1, 'exact-v1', true, jsonb_build_object('lesson_id', 'AD-FD-08')) on conflict (id) do update set evaluator_version = excluded.evaluator_version;
insert into content_private.exercise_keys(exercise_id, evaluator_kind, answer_key) values ('9338051f-1c0d-565a-a677-5a01aa443fda', 'exact', to_jsonb('correct'::text)) on conflict (exercise_id) do update set answer_key = excluded.answer_key;
insert into public.lesson_prerequisites(lesson_version_id, prerequisite_lesson_id) values ('27469aa4-33ed-55e1-97d2-0a8cb37f549e', 'c9e1c793-f3a1-5d0d-beaf-6341c61b88e1') on conflict do nothing;
insert into public.lessons(id, slug, canonical_title) values ('5524147c-7740-5860-b117-b6cd6d173294', 'ad-pl-01', 'Application lifecycle and SDL3 platform boundary') on conflict (id) do update set canonical_title = excluded.canonical_title;
insert into public.lesson_versions(id, lesson_id, course_version_id, module_id, version, title, position, change_class, estimated_study_minutes, estimated_project_minutes, requires_project_evidence, content_sha256, published_at) values ('8ff71c20-a72f-51f2-a0cd-535d4e93564f', '5524147c-7740-5860-b117-b6cd6d173294', '9984bf3c-330f-5a3c-a6d5-0e363377e597', '8fc0d6d4-da1e-530c-aa1a-41d2f8e20594', '1.0.0', 'Application lifecycle and SDL3 platform boundary', 0, 'major', 240, 300, true, '454949b8beebc34432d00c15fb02f40a1a8c83a0621d03866474464dff164859', now()) on conflict (id) do update set title = excluded.title, content_sha256 = excluded.content_sha256;
insert into public.exercise_definitions(id, lesson_version_id, slug, type, mode, max_score, pass_score, evaluator_version, is_required, public_metadata) values ('6149f921-02ee-55c4-b70c-49d9068287d2', '8ff71c20-a72f-51f2-a0cd-535d4e93564f', 'contract-check', 'multiple_choice', 'gating', 1, 1, 'exact-v1', true, jsonb_build_object('lesson_id', 'AD-PL-01')) on conflict (id) do update set evaluator_version = excluded.evaluator_version;
insert into content_private.exercise_keys(exercise_id, evaluator_kind, answer_key) values ('6149f921-02ee-55c4-b70c-49d9068287d2', 'exact', to_jsonb('correct'::text)) on conflict (exercise_id) do update set answer_key = excluded.answer_key;
insert into public.lesson_prerequisites(lesson_version_id, prerequisite_lesson_id) values ('8ff71c20-a72f-51f2-a0cd-535d4e93564f', '4a322b8a-c449-544a-86d8-ff5e7e2f96bd') on conflict do nothing;
insert into public.lessons(id, slug, canonical_title) values ('a9426dbd-2ed9-5724-96c8-04f024856eba', 'ad-pl-02', 'Input actions, devices, gamepads, and focus safety') on conflict (id) do update set canonical_title = excluded.canonical_title;
insert into public.lesson_versions(id, lesson_id, course_version_id, module_id, version, title, position, change_class, estimated_study_minutes, estimated_project_minutes, requires_project_evidence, content_sha256, published_at) values ('8af340b1-4013-561d-b4bc-06b0986aab32', 'a9426dbd-2ed9-5724-96c8-04f024856eba', '9984bf3c-330f-5a3c-a6d5-0e363377e597', '8fc0d6d4-da1e-530c-aa1a-41d2f8e20594', '1.0.0', 'Input actions, devices, gamepads, and focus safety', 1, 'major', 360, 420, true, '145dcb06afd3bafa95c61ae6c9bfd8eda6fc989d7a8a1f994f5569230e6263e4', now()) on conflict (id) do update set title = excluded.title, content_sha256 = excluded.content_sha256;
insert into public.exercise_definitions(id, lesson_version_id, slug, type, mode, max_score, pass_score, evaluator_version, is_required, public_metadata) values ('138755ce-1b99-5d56-a053-f9a7f18615b8', '8af340b1-4013-561d-b4bc-06b0986aab32', 'contract-check', 'multiple_choice', 'gating', 1, 1, 'exact-v1', true, jsonb_build_object('lesson_id', 'AD-PL-02')) on conflict (id) do update set evaluator_version = excluded.evaluator_version;
insert into content_private.exercise_keys(exercise_id, evaluator_kind, answer_key) values ('138755ce-1b99-5d56-a053-f9a7f18615b8', 'exact', to_jsonb('correct'::text)) on conflict (exercise_id) do update set answer_key = excluded.answer_key;
insert into public.lesson_prerequisites(lesson_version_id, prerequisite_lesson_id) values ('8af340b1-4013-561d-b4bc-06b0986aab32', '5524147c-7740-5860-b117-b6cd6d173294') on conflict do nothing;
insert into public.lessons(id, slug, canonical_title) values ('1a32a0bc-8c4e-57e9-a335-2e0b2308eb40', 'ad-pl-03', 'Frame loop, clocks, configuration, logging, and debug loop') on conflict (id) do update set canonical_title = excluded.canonical_title;
insert into public.lesson_versions(id, lesson_id, course_version_id, module_id, version, title, position, change_class, estimated_study_minutes, estimated_project_minutes, requires_project_evidence, content_sha256, published_at) values ('1121379e-04a0-5041-84cd-6e9ab44c7e59', '1a32a0bc-8c4e-57e9-a335-2e0b2308eb40', '9984bf3c-330f-5a3c-a6d5-0e363377e597', '8fc0d6d4-da1e-530c-aa1a-41d2f8e20594', '1.0.0', 'Frame loop, clocks, configuration, logging, and debug loop', 2, 'major', 360, 420, true, '3e92b1b676a294cfa443f3bc5899aed5417abdb614cd2f6b47d874bc18fef893', now()) on conflict (id) do update set title = excluded.title, content_sha256 = excluded.content_sha256;
insert into public.exercise_definitions(id, lesson_version_id, slug, type, mode, max_score, pass_score, evaluator_version, is_required, public_metadata) values ('2d4f2e21-c766-5f42-8386-11b2831db777', '1121379e-04a0-5041-84cd-6e9ab44c7e59', 'contract-check', 'multiple_choice', 'gating', 1, 1, 'exact-v1', true, jsonb_build_object('lesson_id', 'AD-PL-03')) on conflict (id) do update set evaluator_version = excluded.evaluator_version;
insert into content_private.exercise_keys(exercise_id, evaluator_kind, answer_key) values ('2d4f2e21-c766-5f42-8386-11b2831db777', 'exact', to_jsonb('correct'::text)) on conflict (exercise_id) do update set answer_key = excluded.answer_key;
insert into public.lesson_prerequisites(lesson_version_id, prerequisite_lesson_id) values ('1121379e-04a0-5041-84cd-6e9ab44c7e59', 'a9426dbd-2ed9-5724-96c8-04f024856eba') on conflict do nothing;
insert into public.lessons(id, slug, canonical_title) values ('a76e5f8b-03c9-53eb-897a-2bfe0145222e', 'ad-pl-04', 'Audio-device shell and free audio boundary') on conflict (id) do update set canonical_title = excluded.canonical_title;
insert into public.lesson_versions(id, lesson_id, course_version_id, module_id, version, title, position, change_class, estimated_study_minutes, estimated_project_minutes, requires_project_evidence, content_sha256, published_at) values ('9f595367-66e4-53c2-854f-bfcc72cdfd1c', 'a76e5f8b-03c9-53eb-897a-2bfe0145222e', '9984bf3c-330f-5a3c-a6d5-0e363377e597', '8fc0d6d4-da1e-530c-aa1a-41d2f8e20594', '1.0.0', 'Audio-device shell and free audio boundary', 3, 'major', 180, 180, true, '3d641b71cee6c1c791dc0bd36697d9fb50119c8ee3623178928d5c7c7300fab4', now()) on conflict (id) do update set title = excluded.title, content_sha256 = excluded.content_sha256;
insert into public.exercise_definitions(id, lesson_version_id, slug, type, mode, max_score, pass_score, evaluator_version, is_required, public_metadata) values ('a49ce602-e37b-56af-abc6-c199d30f4357', '9f595367-66e4-53c2-854f-bfcc72cdfd1c', 'contract-check', 'multiple_choice', 'gating', 1, 1, 'exact-v1', true, jsonb_build_object('lesson_id', 'AD-PL-04')) on conflict (id) do update set evaluator_version = excluded.evaluator_version;
insert into content_private.exercise_keys(exercise_id, evaluator_kind, answer_key) values ('a49ce602-e37b-56af-abc6-c199d30f4357', 'exact', to_jsonb('correct'::text)) on conflict (exercise_id) do update set answer_key = excluded.answer_key;
insert into public.lesson_prerequisites(lesson_version_id, prerequisite_lesson_id) values ('9f595367-66e4-53c2-854f-bfcc72cdfd1c', '1a32a0bc-8c4e-57e9-a335-2e0b2308eb40') on conflict do nothing;
insert into public.lessons(id, slug, canonical_title) values ('7eab7a31-dc63-57fc-bbf6-421ee11f74ad', 'ad-rn-01', 'Renderer bootstrap, views, resources, and frame submission') on conflict (id) do update set canonical_title = excluded.canonical_title;
insert into public.lesson_versions(id, lesson_id, course_version_id, module_id, version, title, position, change_class, estimated_study_minutes, estimated_project_minutes, requires_project_evidence, content_sha256, published_at) values ('f331bc43-db7a-5c50-9a80-5aea7ca2af5f', '7eab7a31-dc63-57fc-bbf6-421ee11f74ad', '9984bf3c-330f-5a3c-a6d5-0e363377e597', 'aa7e7aae-da7a-5be0-b009-22f2bd592c6b', '1.0.0', 'Renderer bootstrap, views, resources, and frame submission', 0, 'major', 480, 600, true, '6a0f1262cfdc978bfcb9ed15960587755f0348a1510ba9e6e793d9c1a739a329', now()) on conflict (id) do update set title = excluded.title, content_sha256 = excluded.content_sha256;
insert into public.exercise_definitions(id, lesson_version_id, slug, type, mode, max_score, pass_score, evaluator_version, is_required, public_metadata) values ('4d08a510-b4ee-5d1e-bb53-f2da59ca26b5', 'f331bc43-db7a-5c50-9a80-5aea7ca2af5f', 'contract-check', 'multiple_choice', 'gating', 1, 1, 'exact-v1', true, jsonb_build_object('lesson_id', 'AD-RN-01')) on conflict (id) do update set evaluator_version = excluded.evaluator_version;
insert into content_private.exercise_keys(exercise_id, evaluator_kind, answer_key) values ('4d08a510-b4ee-5d1e-bb53-f2da59ca26b5', 'exact', to_jsonb('correct'::text)) on conflict (exercise_id) do update set answer_key = excluded.answer_key;
insert into public.lesson_prerequisites(lesson_version_id, prerequisite_lesson_id) values ('f331bc43-db7a-5c50-9a80-5aea7ca2af5f', 'a76e5f8b-03c9-53eb-897a-2bfe0145222e') on conflict do nothing;
insert into public.lessons(id, slug, canonical_title) values ('cfab11e3-df38-515d-9fa8-65db011037e9', 'ad-rn-02', 'Shader pipeline, materials, lighting, and debugging') on conflict (id) do update set canonical_title = excluded.canonical_title;
insert into public.lesson_versions(id, lesson_id, course_version_id, module_id, version, title, position, change_class, estimated_study_minutes, estimated_project_minutes, requires_project_evidence, content_sha256, published_at) values ('de2b4319-a3ef-5c06-aeff-d193f40cb984', 'cfab11e3-df38-515d-9fa8-65db011037e9', '9984bf3c-330f-5a3c-a6d5-0e363377e597', 'aa7e7aae-da7a-5be0-b009-22f2bd592c6b', '1.0.0', 'Shader pipeline, materials, lighting, and debugging', 1, 'major', 600, 720, true, '15c15d30abca2d065316ee044944324ebed6e1cf97464e7edc4e55cd8146461b', now()) on conflict (id) do update set title = excluded.title, content_sha256 = excluded.content_sha256;
insert into public.exercise_definitions(id, lesson_version_id, slug, type, mode, max_score, pass_score, evaluator_version, is_required, public_metadata) values ('d874d62b-4c83-576b-a479-0d505e27d093', 'de2b4319-a3ef-5c06-aeff-d193f40cb984', 'contract-check', 'multiple_choice', 'gating', 1, 1, 'exact-v1', true, jsonb_build_object('lesson_id', 'AD-RN-02')) on conflict (id) do update set evaluator_version = excluded.evaluator_version;
insert into content_private.exercise_keys(exercise_id, evaluator_kind, answer_key) values ('d874d62b-4c83-576b-a479-0d505e27d093', 'exact', to_jsonb('correct'::text)) on conflict (exercise_id) do update set answer_key = excluded.answer_key;
insert into public.lesson_prerequisites(lesson_version_id, prerequisite_lesson_id) values ('de2b4319-a3ef-5c06-aeff-d193f40cb984', '7eab7a31-dc63-57fc-bbf6-421ee11f74ad') on conflict do nothing;
insert into public.lessons(id, slug, canonical_title) values ('50777f3d-be47-535a-94a3-1b32aa58bcd7', 'ad-rn-03', 'Blender-to-glTF/GLB asset workflow') on conflict (id) do update set canonical_title = excluded.canonical_title;
insert into public.lesson_versions(id, lesson_id, course_version_id, module_id, version, title, position, change_class, estimated_study_minutes, estimated_project_minutes, requires_project_evidence, content_sha256, published_at) values ('19892b3f-aa90-53d3-95e1-1d1b410ba646', '50777f3d-be47-535a-94a3-1b32aa58bcd7', '9984bf3c-330f-5a3c-a6d5-0e363377e597', 'aa7e7aae-da7a-5be0-b009-22f2bd592c6b', '1.0.0', 'Blender-to-glTF/GLB asset workflow', 2, 'major', 360, 480, true, 'c5cf8b562c898184435b0b311947bf3e39c216e7c98729d1c5468155ddcd706b', now()) on conflict (id) do update set title = excluded.title, content_sha256 = excluded.content_sha256;
insert into public.exercise_definitions(id, lesson_version_id, slug, type, mode, max_score, pass_score, evaluator_version, is_required, public_metadata) values ('2df8d685-db45-5a5f-9cd1-463b1d2b6de1', '19892b3f-aa90-53d3-95e1-1d1b410ba646', 'contract-check', 'multiple_choice', 'gating', 1, 1, 'exact-v1', true, jsonb_build_object('lesson_id', 'AD-RN-03')) on conflict (id) do update set evaluator_version = excluded.evaluator_version;
insert into content_private.exercise_keys(exercise_id, evaluator_kind, answer_key) values ('2df8d685-db45-5a5f-9cd1-463b1d2b6de1', 'exact', to_jsonb('correct'::text)) on conflict (exercise_id) do update set answer_key = excluded.answer_key;
insert into public.lesson_prerequisites(lesson_version_id, prerequisite_lesson_id) values ('19892b3f-aa90-53d3-95e1-1d1b410ba646', 'cfab11e3-df38-515d-9fa8-65db011037e9') on conflict do nothing;
insert into public.lessons(id, slug, canonical_title) values ('0718a5a3-344f-5683-bb57-8ca201658278', 'ad-rn-04', 'Render architecture, diagnostics, budgets, and asset failure UX') on conflict (id) do update set canonical_title = excluded.canonical_title;
insert into public.lesson_versions(id, lesson_id, course_version_id, module_id, version, title, position, change_class, estimated_study_minutes, estimated_project_minutes, requires_project_evidence, content_sha256, published_at) values ('0e6a12e0-3acd-5a0f-a7b0-05660542814f', '0718a5a3-344f-5683-bb57-8ca201658278', '9984bf3c-330f-5a3c-a6d5-0e363377e597', 'aa7e7aae-da7a-5be0-b009-22f2bd592c6b', '1.0.0', 'Render architecture, diagnostics, budgets, and asset failure UX', 3, 'major', 360, 480, true, '2680e089e3cb02ee970c86c1e08dba46721cc94763613c83942e4bc31f05eb7b', now()) on conflict (id) do update set title = excluded.title, content_sha256 = excluded.content_sha256;
insert into public.exercise_definitions(id, lesson_version_id, slug, type, mode, max_score, pass_score, evaluator_version, is_required, public_metadata) values ('189a2ea4-8a74-5016-beba-caa6a5938fe3', '0e6a12e0-3acd-5a0f-a7b0-05660542814f', 'contract-check', 'multiple_choice', 'gating', 1, 1, 'exact-v1', true, jsonb_build_object('lesson_id', 'AD-RN-04')) on conflict (id) do update set evaluator_version = excluded.evaluator_version;
insert into content_private.exercise_keys(exercise_id, evaluator_kind, answer_key) values ('189a2ea4-8a74-5016-beba-caa6a5938fe3', 'exact', to_jsonb('correct'::text)) on conflict (exercise_id) do update set answer_key = excluded.answer_key;
insert into public.lesson_prerequisites(lesson_version_id, prerequisite_lesson_id) values ('0e6a12e0-3acd-5a0f-a7b0-05660542814f', '50777f3d-be47-535a-94a3-1b32aa58bcd7') on conflict do nothing;
insert into public.lessons(id, slug, canonical_title) values ('a215619f-be5b-551f-b8a1-a20e5ef74ab2', 'ad-dt-01', 'ECS tradeoffs, entities, components, systems, and services') on conflict (id) do update set canonical_title = excluded.canonical_title;
insert into public.lesson_versions(id, lesson_id, course_version_id, module_id, version, title, position, change_class, estimated_study_minutes, estimated_project_minutes, requires_project_evidence, content_sha256, published_at) values ('65e07aca-b30a-5798-8c14-2c2756a5cdf1', 'a215619f-be5b-551f-b8a1-a20e5ef74ab2', '9984bf3c-330f-5a3c-a6d5-0e363377e597', '20d77518-db58-57f8-8671-caa4551e7542', '1.0.0', 'ECS tradeoffs, entities, components, systems, and services', 0, 'major', 420, 600, true, 'fb6977fe3f5fbe2b415b1182813826cd0974801957a1a681905ab31589fb64fc', now()) on conflict (id) do update set title = excluded.title, content_sha256 = excluded.content_sha256;
insert into public.exercise_definitions(id, lesson_version_id, slug, type, mode, max_score, pass_score, evaluator_version, is_required, public_metadata) values ('af761e17-924b-5820-ac37-ca87270e3a25', '65e07aca-b30a-5798-8c14-2c2756a5cdf1', 'contract-check', 'multiple_choice', 'gating', 1, 1, 'exact-v1', true, jsonb_build_object('lesson_id', 'AD-DT-01')) on conflict (id) do update set evaluator_version = excluded.evaluator_version;
insert into content_private.exercise_keys(exercise_id, evaluator_kind, answer_key) values ('af761e17-924b-5820-ac37-ca87270e3a25', 'exact', to_jsonb('correct'::text)) on conflict (exercise_id) do update set answer_key = excluded.answer_key;
insert into public.lesson_prerequisites(lesson_version_id, prerequisite_lesson_id) values ('65e07aca-b30a-5798-8c14-2c2756a5cdf1', '0718a5a3-344f-5683-bb57-8ca201658278') on conflict do nothing;
insert into public.lessons(id, slug, canonical_title) values ('1810cb54-2fe1-5a96-aa0a-a5fe4bd26b5e', 'ad-dt-02', 'Stable identity, lifecycle, relationships, and serialization boundaries') on conflict (id) do update set canonical_title = excluded.canonical_title;
insert into public.lesson_versions(id, lesson_id, course_version_id, module_id, version, title, position, change_class, estimated_study_minutes, estimated_project_minutes, requires_project_evidence, content_sha256, published_at) values ('749265b3-c340-5534-9c65-7acc5bc2e58e', '1810cb54-2fe1-5a96-aa0a-a5fe4bd26b5e', '9984bf3c-330f-5a3c-a6d5-0e363377e597', '20d77518-db58-57f8-8671-caa4551e7542', '1.0.0', 'Stable identity, lifecycle, relationships, and serialization boundaries', 1, 'major', 360, 480, true, '0c24125f2b8288a750336d41d66f52307ed9d44aa4f66ee7c956f0a85fc071c8', now()) on conflict (id) do update set title = excluded.title, content_sha256 = excluded.content_sha256;
insert into public.exercise_definitions(id, lesson_version_id, slug, type, mode, max_score, pass_score, evaluator_version, is_required, public_metadata) values ('37dfe0b3-98f5-592a-a7a1-4ec668c3acb2', '749265b3-c340-5534-9c65-7acc5bc2e58e', 'contract-check', 'multiple_choice', 'gating', 1, 1, 'exact-v1', true, jsonb_build_object('lesson_id', 'AD-DT-02')) on conflict (id) do update set evaluator_version = excluded.evaluator_version;
insert into content_private.exercise_keys(exercise_id, evaluator_kind, answer_key) values ('37dfe0b3-98f5-592a-a7a1-4ec668c3acb2', 'exact', to_jsonb('correct'::text)) on conflict (exercise_id) do update set answer_key = excluded.answer_key;
insert into public.lesson_prerequisites(lesson_version_id, prerequisite_lesson_id) values ('749265b3-c340-5534-9c65-7acc5bc2e58e', 'a215619f-be5b-551f-b8a1-a20e5ef74ab2') on conflict do nothing;
insert into public.lessons(id, slug, canonical_title) values ('bd0dbe63-94bf-5610-ac98-c34eb85946ae', 'ad-dt-03', 'Gameplay schemas, registries, validation, and references') on conflict (id) do update set canonical_title = excluded.canonical_title;
insert into public.lesson_versions(id, lesson_id, course_version_id, module_id, version, title, position, change_class, estimated_study_minutes, estimated_project_minutes, requires_project_evidence, content_sha256, published_at) values ('9602c4be-cd72-515c-aba9-4e6f752c3628', 'bd0dbe63-94bf-5610-ac98-c34eb85946ae', '9984bf3c-330f-5a3c-a6d5-0e363377e597', '20d77518-db58-57f8-8671-caa4551e7542', '1.0.0', 'Gameplay schemas, registries, validation, and references', 2, 'major', 480, 720, true, '79085d129aa4e068850748c8dd17bf28d9f5026643eb03f1a6df3cfe1cf0d14d', now()) on conflict (id) do update set title = excluded.title, content_sha256 = excluded.content_sha256;
insert into public.exercise_definitions(id, lesson_version_id, slug, type, mode, max_score, pass_score, evaluator_version, is_required, public_metadata) values ('641b8976-55e1-5a57-a55b-941901d90e1e', '9602c4be-cd72-515c-aba9-4e6f752c3628', 'contract-check', 'multiple_choice', 'gating', 1, 1, 'exact-v1', true, jsonb_build_object('lesson_id', 'AD-DT-03')) on conflict (id) do update set evaluator_version = excluded.evaluator_version;
insert into content_private.exercise_keys(exercise_id, evaluator_kind, answer_key) values ('641b8976-55e1-5a57-a55b-941901d90e1e', 'exact', to_jsonb('correct'::text)) on conflict (exercise_id) do update set answer_key = excluded.answer_key;
insert into public.lesson_prerequisites(lesson_version_id, prerequisite_lesson_id) values ('9602c4be-cd72-515c-aba9-4e6f752c3628', '1810cb54-2fe1-5a96-aa0a-a5fe4bd26b5e') on conflict do nothing;
insert into public.lessons(id, slug, canonical_title) values ('e0fed0a8-7e90-5273-b551-5363a5e30764', 'ad-dt-04', 'Hot reload, authoritative boundaries, and developer tools') on conflict (id) do update set canonical_title = excluded.canonical_title;
insert into public.lesson_versions(id, lesson_id, course_version_id, module_id, version, title, position, change_class, estimated_study_minutes, estimated_project_minutes, requires_project_evidence, content_sha256, published_at) values ('0aa7ce39-300a-553f-bac7-c7eec8c9ebde', 'e0fed0a8-7e90-5273-b551-5363a5e30764', '9984bf3c-330f-5a3c-a6d5-0e363377e597', '20d77518-db58-57f8-8671-caa4551e7542', '1.0.0', 'Hot reload, authoritative boundaries, and developer tools', 3, 'major', 360, 540, true, '9f77c551c4843432033d0c5d9d42da5bf2f2153b790b68839a4c5abf83387545', now()) on conflict (id) do update set title = excluded.title, content_sha256 = excluded.content_sha256;
insert into public.exercise_definitions(id, lesson_version_id, slug, type, mode, max_score, pass_score, evaluator_version, is_required, public_metadata) values ('cbec1c28-d162-5aa4-9c4d-1317ccb14415', '0aa7ce39-300a-553f-bac7-c7eec8c9ebde', 'contract-check', 'multiple_choice', 'gating', 1, 1, 'exact-v1', true, jsonb_build_object('lesson_id', 'AD-DT-04')) on conflict (id) do update set evaluator_version = excluded.evaluator_version;
insert into content_private.exercise_keys(exercise_id, evaluator_kind, answer_key) values ('cbec1c28-d162-5aa4-9c4d-1317ccb14415', 'exact', to_jsonb('correct'::text)) on conflict (exercise_id) do update set answer_key = excluded.answer_key;
insert into public.lesson_prerequisites(lesson_version_id, prerequisite_lesson_id) values ('0aa7ce39-300a-553f-bac7-c7eec8c9ebde', 'bd0dbe63-94bf-5610-ac98-c34eb85946ae') on conflict do nothing;
insert into public.lessons(id, slug, canonical_title) values ('a6bcc211-7198-58ea-b33c-887f68fd59e2', 'ad-dt-05', 'Asset/content pipeline automation and localization-ready data') on conflict (id) do update set canonical_title = excluded.canonical_title;
insert into public.lesson_versions(id, lesson_id, course_version_id, module_id, version, title, position, change_class, estimated_study_minutes, estimated_project_minutes, requires_project_evidence, content_sha256, published_at) values ('85f55362-790c-51ae-85a2-0a4f0e546cf0', 'a6bcc211-7198-58ea-b33c-887f68fd59e2', '9984bf3c-330f-5a3c-a6d5-0e363377e597', '20d77518-db58-57f8-8671-caa4551e7542', '1.0.0', 'Asset/content pipeline automation and localization-ready data', 4, 'major', 420, 600, true, '4e428cfc3f4bd6ca8d48ca343b71ab3596f1f33863d1bc86e0ee7e6d382ebce8', now()) on conflict (id) do update set title = excluded.title, content_sha256 = excluded.content_sha256;
insert into public.exercise_definitions(id, lesson_version_id, slug, type, mode, max_score, pass_score, evaluator_version, is_required, public_metadata) values ('dd71aa2d-a817-58da-96bc-686ccd9b0f24', '85f55362-790c-51ae-85a2-0a4f0e546cf0', 'contract-check', 'multiple_choice', 'gating', 1, 1, 'exact-v1', true, jsonb_build_object('lesson_id', 'AD-DT-05')) on conflict (id) do update set evaluator_version = excluded.evaluator_version;
insert into content_private.exercise_keys(exercise_id, evaluator_kind, answer_key) values ('dd71aa2d-a817-58da-96bc-686ccd9b0f24', 'exact', to_jsonb('correct'::text)) on conflict (exercise_id) do update set answer_key = excluded.answer_key;
insert into public.lesson_prerequisites(lesson_version_id, prerequisite_lesson_id) values ('85f55362-790c-51ae-85a2-0a4f0e546cf0', 'e0fed0a8-7e90-5273-b551-5363a5e30764') on conflict do nothing;
insert into public.lessons(id, slug, canonical_title) values ('c93c5e73-3420-537e-b7f9-c7a392aedc44', 'ad-sm-01', 'Fixed-step simulation and render interpolation') on conflict (id) do update set canonical_title = excluded.canonical_title;
insert into public.lesson_versions(id, lesson_id, course_version_id, module_id, version, title, position, change_class, estimated_study_minutes, estimated_project_minutes, requires_project_evidence, content_sha256, published_at) values ('f547c21a-1275-5966-820e-70736efab212', 'c93c5e73-3420-537e-b7f9-c7a392aedc44', '9984bf3c-330f-5a3c-a6d5-0e363377e597', '357ceded-00ac-568a-ab9b-9bbb6a69b10c', '1.0.0', 'Fixed-step simulation and render interpolation', 0, 'major', 480, 720, true, 'f15bc0c43316cce65aaee4ed8b2615a1825968fdfb5d3309046e3f32fd9fe3af', now()) on conflict (id) do update set title = excluded.title, content_sha256 = excluded.content_sha256;
insert into public.exercise_definitions(id, lesson_version_id, slug, type, mode, max_score, pass_score, evaluator_version, is_required, public_metadata) values ('9d538f8c-6558-5ceb-8f4d-85c03efb54ed', 'f547c21a-1275-5966-820e-70736efab212', 'contract-check', 'multiple_choice', 'gating', 1, 1, 'exact-v1', true, jsonb_build_object('lesson_id', 'AD-SM-01')) on conflict (id) do update set evaluator_version = excluded.evaluator_version;
insert into content_private.exercise_keys(exercise_id, evaluator_kind, answer_key) values ('9d538f8c-6558-5ceb-8f4d-85c03efb54ed', 'exact', to_jsonb('correct'::text)) on conflict (exercise_id) do update set answer_key = excluded.answer_key;
insert into public.lesson_prerequisites(lesson_version_id, prerequisite_lesson_id) values ('f547c21a-1275-5966-820e-70736efab212', 'a6bcc211-7198-58ea-b33c-887f68fd59e2') on conflict do nothing;
insert into public.lessons(id, slug, canonical_title) values ('a2490af1-e7da-5621-8670-1630dc7c6d67', 'ad-sm-02', 'Jolt world, layers, shapes, and query API') on conflict (id) do update set canonical_title = excluded.canonical_title;
insert into public.lesson_versions(id, lesson_id, course_version_id, module_id, version, title, position, change_class, estimated_study_minutes, estimated_project_minutes, requires_project_evidence, content_sha256, published_at) values ('5dbb9255-6015-5ace-b851-2f75b4f9c3bb', 'a2490af1-e7da-5621-8670-1630dc7c6d67', '9984bf3c-330f-5a3c-a6d5-0e363377e597', '357ceded-00ac-568a-ab9b-9bbb6a69b10c', '1.0.0', 'Jolt world, layers, shapes, and query API', 1, 'major', 480, 720, true, '8b1df3c544019229b9ca0eed15b558f76d6795ea3fe313b7e6180b2fe3925536', now()) on conflict (id) do update set title = excluded.title, content_sha256 = excluded.content_sha256;
insert into public.exercise_definitions(id, lesson_version_id, slug, type, mode, max_score, pass_score, evaluator_version, is_required, public_metadata) values ('ba02828e-7bbd-5ec0-bb76-6e0bdbfb62e7', '5dbb9255-6015-5ace-b851-2f75b4f9c3bb', 'contract-check', 'multiple_choice', 'gating', 1, 1, 'exact-v1', true, jsonb_build_object('lesson_id', 'AD-SM-02')) on conflict (id) do update set evaluator_version = excluded.evaluator_version;
insert into content_private.exercise_keys(exercise_id, evaluator_kind, answer_key) values ('ba02828e-7bbd-5ec0-bb76-6e0bdbfb62e7', 'exact', to_jsonb('correct'::text)) on conflict (exercise_id) do update set answer_key = excluded.answer_key;
insert into public.lesson_prerequisites(lesson_version_id, prerequisite_lesson_id) values ('5dbb9255-6015-5ace-b851-2f75b4f9c3bb', 'c93c5e73-3420-537e-b7f9-c7a392aedc44') on conflict do nothing;
insert into public.lessons(id, slug, canonical_title) values ('1e094aa3-916a-56a1-a1f2-06ae16fddc2a', 'ad-sm-03', 'Character controller: slopes, stairs, ledges, and frame invariance') on conflict (id) do update set canonical_title = excluded.canonical_title;
insert into public.lesson_versions(id, lesson_id, course_version_id, module_id, version, title, position, change_class, estimated_study_minutes, estimated_project_minutes, requires_project_evidence, content_sha256, published_at) values ('7ccc7ed5-242c-5dd4-a845-31a2def4d9c0', '1e094aa3-916a-56a1-a1f2-06ae16fddc2a', '9984bf3c-330f-5a3c-a6d5-0e363377e597', '357ceded-00ac-568a-ab9b-9bbb6a69b10c', '1.0.0', 'Character controller: slopes, stairs, ledges, and frame invariance', 2, 'major', 600, 960, true, 'b82952e9724717cd00db1320568c3668c09972ef8b9dec7d99942d27ed118a0a', now()) on conflict (id) do update set title = excluded.title, content_sha256 = excluded.content_sha256;
insert into public.exercise_definitions(id, lesson_version_id, slug, type, mode, max_score, pass_score, evaluator_version, is_required, public_metadata) values ('a0c951ac-0f37-52e8-a997-4c20b3e7c10f', '7ccc7ed5-242c-5dd4-a845-31a2def4d9c0', 'contract-check', 'multiple_choice', 'gating', 1, 1, 'exact-v1', true, jsonb_build_object('lesson_id', 'AD-SM-03')) on conflict (id) do update set evaluator_version = excluded.evaluator_version;
insert into content_private.exercise_keys(exercise_id, evaluator_kind, answer_key) values ('a0c951ac-0f37-52e8-a997-4c20b3e7c10f', 'exact', to_jsonb('correct'::text)) on conflict (exercise_id) do update set answer_key = excluded.answer_key;
insert into public.lesson_prerequisites(lesson_version_id, prerequisite_lesson_id) values ('7ccc7ed5-242c-5dd4-a845-31a2def4d9c0', 'a2490af1-e7da-5621-8670-1630dc7c6d67') on conflict do nothing;
insert into public.lessons(id, slug, canonical_title) values ('708862f3-10cb-5e25-883e-6889227cb823', 'ad-sm-04', 'Forced movement, knockback, dodge displacement, and combat query contracts') on conflict (id) do update set canonical_title = excluded.canonical_title;
insert into public.lesson_versions(id, lesson_id, course_version_id, module_id, version, title, position, change_class, estimated_study_minutes, estimated_project_minutes, requires_project_evidence, content_sha256, published_at) values ('992bfd8e-dc7a-5e37-ac18-51a87c174076', '708862f3-10cb-5e25-883e-6889227cb823', '9984bf3c-330f-5a3c-a6d5-0e363377e597', '357ceded-00ac-568a-ab9b-9bbb6a69b10c', '1.0.0', 'Forced movement, knockback, dodge displacement, and combat query contracts', 3, 'major', 480, 720, true, '768d1fbb8bf3164e7a3cf01b48e0eb74f5c8501eefbd974632dd645185a1c846', now()) on conflict (id) do update set title = excluded.title, content_sha256 = excluded.content_sha256;
insert into public.exercise_definitions(id, lesson_version_id, slug, type, mode, max_score, pass_score, evaluator_version, is_required, public_metadata) values ('e41a503d-c42b-5e5c-8f4b-f53e983d368a', '992bfd8e-dc7a-5e37-ac18-51a87c174076', 'contract-check', 'multiple_choice', 'gating', 1, 1, 'exact-v1', true, jsonb_build_object('lesson_id', 'AD-SM-04')) on conflict (id) do update set evaluator_version = excluded.evaluator_version;
insert into content_private.exercise_keys(exercise_id, evaluator_kind, answer_key) values ('e41a503d-c42b-5e5c-8f4b-f53e983d368a', 'exact', to_jsonb('correct'::text)) on conflict (exercise_id) do update set answer_key = excluded.answer_key;
insert into public.lesson_prerequisites(lesson_version_id, prerequisite_lesson_id) values ('992bfd8e-dc7a-5e37-ac18-51a87c174076', '1e094aa3-916a-56a1-a1f2-06ae16fddc2a') on conflict do nothing;
insert into public.lessons(id, slug, canonical_title) values ('28b00117-1f55-5b5b-a7c4-2a9f7d0e0203', 'ad-an-01', 'Skeletons, clips, offline conversion, and runtime sampling') on conflict (id) do update set canonical_title = excluded.canonical_title;
insert into public.lesson_versions(id, lesson_id, course_version_id, module_id, version, title, position, change_class, estimated_study_minutes, estimated_project_minutes, requires_project_evidence, content_sha256, published_at) values ('10b42644-9ded-5704-906d-629f587e3ad2', '28b00117-1f55-5b5b-a7c4-2a9f7d0e0203', '9984bf3c-330f-5a3c-a6d5-0e363377e597', '0c21e2ce-e7e3-59dc-b9dd-7fca2d83509b', '1.0.0', 'Skeletons, clips, offline conversion, and runtime sampling', 0, 'major', 480, 720, true, '78deb12ef2c1704b9ab433a61e4fffdba5f34723dc8585c671fc5449f5591477', now()) on conflict (id) do update set title = excluded.title, content_sha256 = excluded.content_sha256;
insert into public.exercise_definitions(id, lesson_version_id, slug, type, mode, max_score, pass_score, evaluator_version, is_required, public_metadata) values ('f6d91d8a-e4ef-593b-b620-11f220ca35d6', '10b42644-9ded-5704-906d-629f587e3ad2', 'contract-check', 'multiple_choice', 'gating', 1, 1, 'exact-v1', true, jsonb_build_object('lesson_id', 'AD-AN-01')) on conflict (id) do update set evaluator_version = excluded.evaluator_version;
insert into content_private.exercise_keys(exercise_id, evaluator_kind, answer_key) values ('f6d91d8a-e4ef-593b-b620-11f220ca35d6', 'exact', to_jsonb('correct'::text)) on conflict (exercise_id) do update set answer_key = excluded.answer_key;
insert into public.lesson_prerequisites(lesson_version_id, prerequisite_lesson_id) values ('10b42644-9ded-5704-906d-629f587e3ad2', '708862f3-10cb-5e25-883e-6889227cb823') on conflict do nothing;
insert into public.lessons(id, slug, canonical_title) values ('2abfb019-0a10-5566-85e7-d4eaa0e0e2e9', 'ad-an-02', 'Animation graph, locomotion blending, layers, and additive reactions') on conflict (id) do update set canonical_title = excluded.canonical_title;
insert into public.lesson_versions(id, lesson_id, course_version_id, module_id, version, title, position, change_class, estimated_study_minutes, estimated_project_minutes, requires_project_evidence, content_sha256, published_at) values ('a2f423a1-5fa3-5332-b991-40ccae70fb8a', '2abfb019-0a10-5566-85e7-d4eaa0e0e2e9', '9984bf3c-330f-5a3c-a6d5-0e363377e597', '0c21e2ce-e7e3-59dc-b9dd-7fca2d83509b', '1.0.0', 'Animation graph, locomotion blending, layers, and additive reactions', 1, 'major', 480, 720, true, '8b74c9b7bd7955d9fac05c524e40d23f72b23da0cde851ba3b6412171ac324af', now()) on conflict (id) do update set title = excluded.title, content_sha256 = excluded.content_sha256;
insert into public.exercise_definitions(id, lesson_version_id, slug, type, mode, max_score, pass_score, evaluator_version, is_required, public_metadata) values ('c22049d0-3970-5be5-bb20-eca713cbce3b', 'a2f423a1-5fa3-5332-b991-40ccae70fb8a', 'contract-check', 'multiple_choice', 'gating', 1, 1, 'exact-v1', true, jsonb_build_object('lesson_id', 'AD-AN-02')) on conflict (id) do update set evaluator_version = excluded.evaluator_version;
insert into content_private.exercise_keys(exercise_id, evaluator_kind, answer_key) values ('c22049d0-3970-5be5-bb20-eca713cbce3b', 'exact', to_jsonb('correct'::text)) on conflict (exercise_id) do update set answer_key = excluded.answer_key;
insert into public.lesson_prerequisites(lesson_version_id, prerequisite_lesson_id) values ('a2f423a1-5fa3-5332-b991-40ccae70fb8a', '28b00117-1f55-5b5b-a7c4-2a9f7d0e0203') on conflict do nothing;
insert into public.lessons(id, slug, canonical_title) values ('9f9a0800-e823-545e-bb49-772a8ccad49c', 'ad-an-03', 'Event tracks and authoritative gameplay windows') on conflict (id) do update set canonical_title = excluded.canonical_title;
insert into public.lesson_versions(id, lesson_id, course_version_id, module_id, version, title, position, change_class, estimated_study_minutes, estimated_project_minutes, requires_project_evidence, content_sha256, published_at) values ('f23eab85-9bc1-50b4-a75d-2bfa24cff171', '9f9a0800-e823-545e-bb49-772a8ccad49c', '9984bf3c-330f-5a3c-a6d5-0e363377e597', '0c21e2ce-e7e3-59dc-b9dd-7fca2d83509b', '1.0.0', 'Event tracks and authoritative gameplay windows', 2, 'major', 480, 720, true, 'fe685f67f2ec3dc3ad8d55ff460a338e0ec7f93c56ad5b9458a322a01b4e0c13', now()) on conflict (id) do update set title = excluded.title, content_sha256 = excluded.content_sha256;
insert into public.exercise_definitions(id, lesson_version_id, slug, type, mode, max_score, pass_score, evaluator_version, is_required, public_metadata) values ('c19b76de-4a4e-56a8-8aaf-011a41f2c7a8', 'f23eab85-9bc1-50b4-a75d-2bfa24cff171', 'contract-check', 'multiple_choice', 'gating', 1, 1, 'exact-v1', true, jsonb_build_object('lesson_id', 'AD-AN-03')) on conflict (id) do update set evaluator_version = excluded.evaluator_version;
insert into content_private.exercise_keys(exercise_id, evaluator_kind, answer_key) values ('c19b76de-4a4e-56a8-8aaf-011a41f2c7a8', 'exact', to_jsonb('correct'::text)) on conflict (exercise_id) do update set answer_key = excluded.answer_key;
insert into public.lesson_prerequisites(lesson_version_id, prerequisite_lesson_id) values ('f23eab85-9bc1-50b4-a75d-2bfa24cff171', '2abfb019-0a10-5566-85e7-d4eaa0e0e2e9') on conflict do nothing;
insert into public.lessons(id, slug, canonical_title) values ('db01ff09-0f7d-5b91-8e42-c745ac91b3a0', 'ad-an-04', 'Root motion, motion extraction, facing override, and server agreement') on conflict (id) do update set canonical_title = excluded.canonical_title;
insert into public.lesson_versions(id, lesson_id, course_version_id, module_id, version, title, position, change_class, estimated_study_minutes, estimated_project_minutes, requires_project_evidence, content_sha256, published_at) values ('8420ad20-277d-5197-b38c-a82eecb3bbcc', 'db01ff09-0f7d-5b91-8e42-c745ac91b3a0', '9984bf3c-330f-5a3c-a6d5-0e363377e597', '0c21e2ce-e7e3-59dc-b9dd-7fca2d83509b', '1.0.0', 'Root motion, motion extraction, facing override, and server agreement', 3, 'major', 420, 600, true, '5d2316f169c06b0bdc84f69487a9fd3cb6f58f6c8e5bc2776be23440217aa903', now()) on conflict (id) do update set title = excluded.title, content_sha256 = excluded.content_sha256;
insert into public.exercise_definitions(id, lesson_version_id, slug, type, mode, max_score, pass_score, evaluator_version, is_required, public_metadata) values ('cf2f566c-abd3-51fa-a248-af3308ec711a', '8420ad20-277d-5197-b38c-a82eecb3bbcc', 'contract-check', 'multiple_choice', 'gating', 1, 1, 'exact-v1', true, jsonb_build_object('lesson_id', 'AD-AN-04')) on conflict (id) do update set evaluator_version = excluded.evaluator_version;
insert into content_private.exercise_keys(exercise_id, evaluator_kind, answer_key) values ('cf2f566c-abd3-51fa-a248-af3308ec711a', 'exact', to_jsonb('correct'::text)) on conflict (exercise_id) do update set answer_key = excluded.answer_key;
insert into public.lesson_prerequisites(lesson_version_id, prerequisite_lesson_id) values ('8420ad20-277d-5197-b38c-a82eecb3bbcc', '9f9a0800-e823-545e-bb49-772a8ccad49c') on conflict do nothing;
insert into public.lessons(id, slug, canonical_title) values ('a82aabc4-dec3-5ce2-9bec-a550af58b560', 'ad-an-05', 'Combat animation debugging, IK restraint, and gameplay/presentation separation') on conflict (id) do update set canonical_title = excluded.canonical_title;
insert into public.lesson_versions(id, lesson_id, course_version_id, module_id, version, title, position, change_class, estimated_study_minutes, estimated_project_minutes, requires_project_evidence, content_sha256, published_at) values ('5bec557c-65df-5b9d-8103-fe2a7c9d8f79', 'a82aabc4-dec3-5ce2-9bec-a550af58b560', '9984bf3c-330f-5a3c-a6d5-0e363377e597', '0c21e2ce-e7e3-59dc-b9dd-7fca2d83509b', '1.0.0', 'Combat animation debugging, IK restraint, and gameplay/presentation separation', 4, 'major', 360, 480, true, 'e65b2450fb7e74fc1698d1abec9212d6587493b7ce5caba34972fc2c6d853934', now()) on conflict (id) do update set title = excluded.title, content_sha256 = excluded.content_sha256;
insert into public.exercise_definitions(id, lesson_version_id, slug, type, mode, max_score, pass_score, evaluator_version, is_required, public_metadata) values ('5a992425-79e4-5dc9-b04d-bd2e0e6687d1', '5bec557c-65df-5b9d-8103-fe2a7c9d8f79', 'contract-check', 'multiple_choice', 'gating', 1, 1, 'exact-v1', true, jsonb_build_object('lesson_id', 'AD-AN-05')) on conflict (id) do update set evaluator_version = excluded.evaluator_version;
insert into content_private.exercise_keys(exercise_id, evaluator_kind, answer_key) values ('5a992425-79e4-5dc9-b04d-bd2e0e6687d1', 'exact', to_jsonb('correct'::text)) on conflict (exercise_id) do update set answer_key = excluded.answer_key;
insert into public.lesson_prerequisites(lesson_version_id, prerequisite_lesson_id) values ('5bec557c-65df-5b9d-8103-fe2a7c9d8f79', 'db01ff09-0f7d-5b91-8e42-c745ac91b3a0') on conflict do nothing;
insert into public.lessons(id, slug, canonical_title) values ('b1ba1a00-53d6-5556-873e-340b4f730e36', 'ad-cb-01', 'Camera-relative locomotion and independent facing') on conflict (id) do update set canonical_title = excluded.canonical_title;
insert into public.lesson_versions(id, lesson_id, course_version_id, module_id, version, title, position, change_class, estimated_study_minutes, estimated_project_minutes, requires_project_evidence, content_sha256, published_at) values ('7ba05f74-e200-5172-ac0d-10d79dd8d964', 'b1ba1a00-53d6-5556-873e-340b4f730e36', '9984bf3c-330f-5a3c-a6d5-0e363377e597', 'd3e25b35-4aff-5ae6-a4db-9ad5f9baca5e', '1.0.0', 'Camera-relative locomotion and independent facing', 0, 'major', 300, 600, true, 'b60acbe32ef79f9257b411d6c8ebbe5adab8b3759c42f935fda34b991acc59a9', now()) on conflict (id) do update set title = excluded.title, content_sha256 = excluded.content_sha256;
insert into public.exercise_definitions(id, lesson_version_id, slug, type, mode, max_score, pass_score, evaluator_version, is_required, public_metadata) values ('73ae4840-00c8-5d8d-9956-ee7aea238195', '7ba05f74-e200-5172-ac0d-10d79dd8d964', 'contract-check', 'multiple_choice', 'gating', 1, 1, 'exact-v1', true, jsonb_build_object('lesson_id', 'AD-CB-01')) on conflict (id) do update set evaluator_version = excluded.evaluator_version;
insert into content_private.exercise_keys(exercise_id, evaluator_kind, answer_key) values ('73ae4840-00c8-5d8d-9956-ee7aea238195', 'exact', to_jsonb('correct'::text)) on conflict (exercise_id) do update set answer_key = excluded.answer_key;
insert into public.lesson_prerequisites(lesson_version_id, prerequisite_lesson_id) values ('7ba05f74-e200-5172-ac0d-10d79dd8d964', 'a82aabc4-dec3-5ce2-9bec-a550af58b560') on conflict do nothing;
insert into public.lessons(id, slug, canonical_title) values ('ec1d44ad-d1d5-56bd-9ad0-d2c75433e37e', 'ad-cb-02', 'Soft target selection, stability, and invalidation') on conflict (id) do update set canonical_title = excluded.canonical_title;
insert into public.lesson_versions(id, lesson_id, course_version_id, module_id, version, title, position, change_class, estimated_study_minutes, estimated_project_minutes, requires_project_evidence, content_sha256, published_at) values ('7a2cf92a-813d-5af7-93f4-b34b18304c63', 'ec1d44ad-d1d5-56bd-9ad0-d2c75433e37e', '9984bf3c-330f-5a3c-a6d5-0e363377e597', 'd3e25b35-4aff-5ae6-a4db-9ad5f9baca5e', '1.0.0', 'Soft target selection, stability, and invalidation', 1, 'major', 360, 600, true, 'e1abf569612f05cc2be6d365183f654c9bd070f3359f332056d6eaeef8139a49', now()) on conflict (id) do update set title = excluded.title, content_sha256 = excluded.content_sha256;
insert into public.exercise_definitions(id, lesson_version_id, slug, type, mode, max_score, pass_score, evaluator_version, is_required, public_metadata) values ('582b398a-63a5-5f5e-938f-8edf85b28881', '7a2cf92a-813d-5af7-93f4-b34b18304c63', 'contract-check', 'multiple_choice', 'gating', 1, 1, 'exact-v1', true, jsonb_build_object('lesson_id', 'AD-CB-02')) on conflict (id) do update set evaluator_version = excluded.evaluator_version;
insert into content_private.exercise_keys(exercise_id, evaluator_kind, answer_key) values ('582b398a-63a5-5f5e-938f-8edf85b28881', 'exact', to_jsonb('correct'::text)) on conflict (exercise_id) do update set answer_key = excluded.answer_key;
insert into public.lesson_prerequisites(lesson_version_id, prerequisite_lesson_id) values ('7a2cf92a-813d-5af7-93f4-b34b18304c63', 'b1ba1a00-53d6-5556-873e-340b4f730e36') on conflict do nothing;
insert into public.lessons(id, slug, canonical_title) values ('1d7a5b9d-ed91-554e-a9e7-1989aa81f84e', 'ad-cb-03', 'Tab lock without camera lock or forced strafing') on conflict (id) do update set canonical_title = excluded.canonical_title;
insert into public.lesson_versions(id, lesson_id, course_version_id, module_id, version, title, position, change_class, estimated_study_minutes, estimated_project_minutes, requires_project_evidence, content_sha256, published_at) values ('d257f004-8c2c-5815-aa6e-1cc76a2e2a11', '1d7a5b9d-ed91-554e-a9e7-1989aa81f84e', '9984bf3c-330f-5a3c-a6d5-0e363377e597', 'd3e25b35-4aff-5ae6-a4db-9ad5f9baca5e', '1.0.0', 'Tab lock without camera lock or forced strafing', 2, 'major', 240, 480, true, '97675e2f84b13fcdbf213afa93f5a4df28d14d93ab082ac03c6261aa6ca7f0ae', now()) on conflict (id) do update set title = excluded.title, content_sha256 = excluded.content_sha256;
insert into public.exercise_definitions(id, lesson_version_id, slug, type, mode, max_score, pass_score, evaluator_version, is_required, public_metadata) values ('9f10f26e-30d0-5893-bb28-730bdac8a0a0', 'd257f004-8c2c-5815-aa6e-1cc76a2e2a11', 'contract-check', 'multiple_choice', 'gating', 1, 1, 'exact-v1', true, jsonb_build_object('lesson_id', 'AD-CB-03')) on conflict (id) do update set evaluator_version = excluded.evaluator_version;
insert into content_private.exercise_keys(exercise_id, evaluator_kind, answer_key) values ('9f10f26e-30d0-5893-bb28-730bdac8a0a0', 'exact', to_jsonb('correct'::text)) on conflict (exercise_id) do update set answer_key = excluded.answer_key;
insert into public.lesson_prerequisites(lesson_version_id, prerequisite_lesson_id) values ('d257f004-8c2c-5815-aa6e-1cc76a2e2a11', 'ec1d44ad-d1d5-56bd-9ad0-d2c75433e37e') on conflict do nothing;
insert into public.lessons(id, slug, canonical_title) values ('77099e74-74df-55d1-827e-6ca56b549ed6', 'ad-cb-04', 'Attack-facing, directional skills, aimed skills, and hit validity') on conflict (id) do update set canonical_title = excluded.canonical_title;
insert into public.lesson_versions(id, lesson_id, course_version_id, module_id, version, title, position, change_class, estimated_study_minutes, estimated_project_minutes, requires_project_evidence, content_sha256, published_at) values ('e9fd6806-76ee-5cce-82f0-44fecf88a78d', '77099e74-74df-55d1-827e-6ca56b549ed6', '9984bf3c-330f-5a3c-a6d5-0e363377e597', 'd3e25b35-4aff-5ae6-a4db-9ad5f9baca5e', '1.0.0', 'Attack-facing, directional skills, aimed skills, and hit validity', 3, 'major', 360, 600, true, '94135d2719cf4796be2e8548c03631b8c8723ac34cf506e483a075466b63c8ba', now()) on conflict (id) do update set title = excluded.title, content_sha256 = excluded.content_sha256;
insert into public.exercise_definitions(id, lesson_version_id, slug, type, mode, max_score, pass_score, evaluator_version, is_required, public_metadata) values ('ce830490-d0ac-5d86-9264-acb89442ea2c', 'e9fd6806-76ee-5cce-82f0-44fecf88a78d', 'contract-check', 'multiple_choice', 'gating', 1, 1, 'exact-v1', true, jsonb_build_object('lesson_id', 'AD-CB-04')) on conflict (id) do update set evaluator_version = excluded.evaluator_version;
insert into content_private.exercise_keys(exercise_id, evaluator_kind, answer_key) values ('ce830490-d0ac-5d86-9264-acb89442ea2c', 'exact', to_jsonb('correct'::text)) on conflict (exercise_id) do update set answer_key = excluded.answer_key;
insert into public.lesson_prerequisites(lesson_version_id, prerequisite_lesson_id) values ('e9fd6806-76ee-5cce-82f0-44fecf88a78d', '1d7a5b9d-ed91-554e-a9e7-1989aa81f84e') on conflict do nothing;
insert into public.lessons(id, slug, canonical_title) values ('f1fc5122-81ba-5a4b-b59e-ee0a5d58e894', 'ad-cb-05', 'Three-hit holdable basic chain') on conflict (id) do update set canonical_title = excluded.canonical_title;
insert into public.lesson_versions(id, lesson_id, course_version_id, module_id, version, title, position, change_class, estimated_study_minutes, estimated_project_minutes, requires_project_evidence, content_sha256, published_at) values ('bd570e93-cf84-50b1-8d14-986f4983b77a', 'f1fc5122-81ba-5a4b-b59e-ee0a5d58e894', '9984bf3c-330f-5a3c-a6d5-0e363377e597', 'd3e25b35-4aff-5ae6-a4db-9ad5f9baca5e', '1.0.0', 'Three-hit holdable basic chain', 4, 'major', 480, 840, true, '243c5368835ae4adc8f0ca6011d6e7a831f710f24b531022d825b53a8bf9fe66', now()) on conflict (id) do update set title = excluded.title, content_sha256 = excluded.content_sha256;
insert into public.exercise_definitions(id, lesson_version_id, slug, type, mode, max_score, pass_score, evaluator_version, is_required, public_metadata) values ('bc34dc23-d24c-551a-9174-41c05bada629', 'bd570e93-cf84-50b1-8d14-986f4983b77a', 'contract-check', 'multiple_choice', 'gating', 1, 1, 'exact-v1', true, jsonb_build_object('lesson_id', 'AD-CB-05')) on conflict (id) do update set evaluator_version = excluded.evaluator_version;
insert into content_private.exercise_keys(exercise_id, evaluator_kind, answer_key) values ('bc34dc23-d24c-551a-9174-41c05bada629', 'exact', to_jsonb('correct'::text)) on conflict (exercise_id) do update set answer_key = excluded.answer_key;
insert into public.lesson_prerequisites(lesson_version_id, prerequisite_lesson_id) values ('bd570e93-cf84-50b1-8d14-986f4983b77a', '77099e74-74df-55d1-827e-6ca56b549ed6') on conflict do nothing;
insert into public.lessons(id, slug, canonical_title) values ('65606e0b-92a6-5a1d-ab09-8ca1855ffeb3', 'ad-cb-06', 'Main/sub weapons and 2/2/4/1 loadout semantics') on conflict (id) do update set canonical_title = excluded.canonical_title;
insert into public.lesson_versions(id, lesson_id, course_version_id, module_id, version, title, position, change_class, estimated_study_minutes, estimated_project_minutes, requires_project_evidence, content_sha256, published_at) values ('7ae26cfd-9fc6-53e8-9397-ed9bb106ab30', '65606e0b-92a6-5a1d-ab09-8ca1855ffeb3', '9984bf3c-330f-5a3c-a6d5-0e363377e597', 'd3e25b35-4aff-5ae6-a4db-9ad5f9baca5e', '1.0.0', 'Main/sub weapons and 2/2/4/1 loadout semantics', 5, 'major', 420, 720, true, '11b6071a26524e42e0886fc2916f86bbaef043488f881486b51dca9f1eba7d72', now()) on conflict (id) do update set title = excluded.title, content_sha256 = excluded.content_sha256;
insert into public.exercise_definitions(id, lesson_version_id, slug, type, mode, max_score, pass_score, evaluator_version, is_required, public_metadata) values ('49ec8347-8bf9-5c22-9785-7132d9abe2be', '7ae26cfd-9fc6-53e8-9397-ed9bb106ab30', 'contract-check', 'multiple_choice', 'gating', 1, 1, 'exact-v1', true, jsonb_build_object('lesson_id', 'AD-CB-06')) on conflict (id) do update set evaluator_version = excluded.evaluator_version;
insert into content_private.exercise_keys(exercise_id, evaluator_kind, answer_key) values ('49ec8347-8bf9-5c22-9785-7132d9abe2be', 'exact', to_jsonb('correct'::text)) on conflict (exercise_id) do update set answer_key = excluded.answer_key;
insert into public.lesson_prerequisites(lesson_version_id, prerequisite_lesson_id) values ('7ae26cfd-9fc6-53e8-9397-ed9bb106ab30', 'f1fc5122-81ba-5a4b-b59e-ee0a5d58e894') on conflict do nothing;
insert into public.lessons(id, slug, canonical_title) values ('b39f7fa0-df2d-5d9a-91b6-d0836dd3f0a8', 'ad-cb-07', 'Held block, stamina, perfect block, and guard break') on conflict (id) do update set canonical_title = excluded.canonical_title;
insert into public.lesson_versions(id, lesson_id, course_version_id, module_id, version, title, position, change_class, estimated_study_minutes, estimated_project_minutes, requires_project_evidence, content_sha256, published_at) values ('3d16fc87-3c04-514d-aac5-daebf2d7ca9d', 'b39f7fa0-df2d-5d9a-91b6-d0836dd3f0a8', '9984bf3c-330f-5a3c-a6d5-0e363377e597', 'd3e25b35-4aff-5ae6-a4db-9ad5f9baca5e', '1.0.0', 'Held block, stamina, perfect block, and guard break', 6, 'major', 420, 720, true, '124f2e9c6d5aa62651b1a2e90b68642403ac0e9310c05f60eb222dcb0398d5be', now()) on conflict (id) do update set title = excluded.title, content_sha256 = excluded.content_sha256;
insert into public.exercise_definitions(id, lesson_version_id, slug, type, mode, max_score, pass_score, evaluator_version, is_required, public_metadata) values ('aaddcf87-9a03-5ed3-bd02-029fe58f3d2a', '3d16fc87-3c04-514d-aac5-daebf2d7ca9d', 'contract-check', 'multiple_choice', 'gating', 1, 1, 'exact-v1', true, jsonb_build_object('lesson_id', 'AD-CB-07')) on conflict (id) do update set evaluator_version = excluded.evaluator_version;
insert into content_private.exercise_keys(exercise_id, evaluator_kind, answer_key) values ('aaddcf87-9a03-5ed3-bd02-029fe58f3d2a', 'exact', to_jsonb('correct'::text)) on conflict (exercise_id) do update set answer_key = excluded.answer_key;
insert into public.lesson_prerequisites(lesson_version_id, prerequisite_lesson_id) values ('3d16fc87-3c04-514d-aac5-daebf2d7ca9d', '65606e0b-92a6-5a1d-ab09-8ca1855ffeb3') on conflict do nothing;
insert into public.lessons(id, slug, canonical_title) values ('5db85240-5c24-599e-82ec-fb2d7ea215b8', 'ad-cb-08', 'Two independently recharging dodge charges') on conflict (id) do update set canonical_title = excluded.canonical_title;
insert into public.lesson_versions(id, lesson_id, course_version_id, module_id, version, title, position, change_class, estimated_study_minutes, estimated_project_minutes, requires_project_evidence, content_sha256, published_at) values ('481bf48f-c85c-5c44-9457-bbbf4cf3d49e', '5db85240-5c24-599e-82ec-fb2d7ea215b8', '9984bf3c-330f-5a3c-a6d5-0e363377e597', 'd3e25b35-4aff-5ae6-a4db-9ad5f9baca5e', '1.0.0', 'Two independently recharging dodge charges', 7, 'major', 300, 600, true, '7c44e0ff465dcb9b181ef900cca0609f5e7c5f61aa4e488ea25087e88714cfac', now()) on conflict (id) do update set title = excluded.title, content_sha256 = excluded.content_sha256;
insert into public.exercise_definitions(id, lesson_version_id, slug, type, mode, max_score, pass_score, evaluator_version, is_required, public_metadata) values ('6f81a38c-fc11-5a22-ae44-227cfa6c535e', '481bf48f-c85c-5c44-9457-bbbf4cf3d49e', 'contract-check', 'multiple_choice', 'gating', 1, 1, 'exact-v1', true, jsonb_build_object('lesson_id', 'AD-CB-08')) on conflict (id) do update set evaluator_version = excluded.evaluator_version;
insert into content_private.exercise_keys(exercise_id, evaluator_kind, answer_key) values ('6f81a38c-fc11-5a22-ae44-227cfa6c535e', 'exact', to_jsonb('correct'::text)) on conflict (exercise_id) do update set answer_key = excluded.answer_key;
insert into public.lesson_prerequisites(lesson_version_id, prerequisite_lesson_id) values ('481bf48f-c85c-5c44-9457-bbbf4cf3d49e', 'b39f7fa0-df2d-5d9a-91b6-d0836dd3f0a8') on conflict do nothing;
insert into public.lessons(id, slug, canonical_title) values ('d67ce47c-9c2b-5217-ad27-8924a79072f4', 'ad-cb-09', 'Canonical damage, status, and post-hit pipeline') on conflict (id) do update set canonical_title = excluded.canonical_title;
insert into public.lesson_versions(id, lesson_id, course_version_id, module_id, version, title, position, change_class, estimated_study_minutes, estimated_project_minutes, requires_project_evidence, content_sha256, published_at) values ('c43b183d-9b32-5ec1-bbe4-aac6874e2817', 'd67ce47c-9c2b-5217-ad27-8924a79072f4', '9984bf3c-330f-5a3c-a6d5-0e363377e597', 'd3e25b35-4aff-5ae6-a4db-9ad5f9baca5e', '1.0.0', 'Canonical damage, status, and post-hit pipeline', 8, 'major', 600, 960, true, '7362b2776befeeacd263a56791bbcd52df5972b3fcb9098f197bb4beaa3a9955', now()) on conflict (id) do update set title = excluded.title, content_sha256 = excluded.content_sha256;
insert into public.exercise_definitions(id, lesson_version_id, slug, type, mode, max_score, pass_score, evaluator_version, is_required, public_metadata) values ('95f6b2d7-27d3-59e2-bac1-344f2e186ce7', 'c43b183d-9b32-5ec1-bbe4-aac6874e2817', 'contract-check', 'multiple_choice', 'gating', 1, 1, 'exact-v1', true, jsonb_build_object('lesson_id', 'AD-CB-09')) on conflict (id) do update set evaluator_version = excluded.evaluator_version;
insert into content_private.exercise_keys(exercise_id, evaluator_kind, answer_key) values ('95f6b2d7-27d3-59e2-bac1-344f2e186ce7', 'exact', to_jsonb('correct'::text)) on conflict (exercise_id) do update set answer_key = excluded.answer_key;
insert into public.lesson_prerequisites(lesson_version_id, prerequisite_lesson_id) values ('c43b183d-9b32-5ec1-bbe4-aac6874e2817', '5db85240-5c24-599e-82ec-fb2d7ea215b8') on conflict do nothing;
insert into public.lessons(id, slug, canonical_title) values ('53dca957-96da-52bc-80ab-e24c6ccf2c77', 'ad-cb-10', 'Combat feedback, telegraphs, reactive windows, and failure reasons') on conflict (id) do update set canonical_title = excluded.canonical_title;
insert into public.lesson_versions(id, lesson_id, course_version_id, module_id, version, title, position, change_class, estimated_study_minutes, estimated_project_minutes, requires_project_evidence, content_sha256, published_at) values ('92aaf0d0-571e-57d6-90f2-3f6bb4f9de19', '53dca957-96da-52bc-80ab-e24c6ccf2c77', '9984bf3c-330f-5a3c-a6d5-0e363377e597', 'd3e25b35-4aff-5ae6-a4db-9ad5f9baca5e', '1.0.0', 'Combat feedback, telegraphs, reactive windows, and failure reasons', 9, 'major', 420, 720, true, 'dedfd39952eae81b1920bb71437a03050c3c5561a1a90a55e232171ef69d410d', now()) on conflict (id) do update set title = excluded.title, content_sha256 = excluded.content_sha256;
insert into public.exercise_definitions(id, lesson_version_id, slug, type, mode, max_score, pass_score, evaluator_version, is_required, public_metadata) values ('c847285c-0a6f-5b32-bdfe-818527619e3c', '92aaf0d0-571e-57d6-90f2-3f6bb4f9de19', 'contract-check', 'multiple_choice', 'gating', 1, 1, 'exact-v1', true, jsonb_build_object('lesson_id', 'AD-CB-10')) on conflict (id) do update set evaluator_version = excluded.evaluator_version;
insert into content_private.exercise_keys(exercise_id, evaluator_kind, answer_key) values ('c847285c-0a6f-5b32-bdfe-818527619e3c', 'exact', to_jsonb('correct'::text)) on conflict (exercise_id) do update set answer_key = excluded.answer_key;
insert into public.lesson_prerequisites(lesson_version_id, prerequisite_lesson_id) values ('92aaf0d0-571e-57d6-90f2-3f6bb4f9de19', 'd67ce47c-9c2b-5217-ad27-8924a79072f4') on conflict do nothing;
insert into public.lessons(id, slug, canonical_title) values ('72b9e46b-ff76-5488-b5e3-977e9bb34134', 'ad-rp-01', 'Generic ability definition and execution pipeline') on conflict (id) do update set canonical_title = excluded.canonical_title;
insert into public.lesson_versions(id, lesson_id, course_version_id, module_id, version, title, position, change_class, estimated_study_minutes, estimated_project_minutes, requires_project_evidence, content_sha256, published_at) values ('128fff8e-e320-5d62-a048-d1c764e8919e', '72b9e46b-ff76-5488-b5e3-977e9bb34134', '9984bf3c-330f-5a3c-a6d5-0e363377e597', 'be15e04f-0758-5fc4-973f-3b4b2288030c', '1.0.0', 'Generic ability definition and execution pipeline', 0, 'major', 480, 960, true, '2256d0ab13698b8bb0a065ff0517b9b988464c19d7bedbcf40eab26f89c617a4', now()) on conflict (id) do update set title = excluded.title, content_sha256 = excluded.content_sha256;
insert into public.exercise_definitions(id, lesson_version_id, slug, type, mode, max_score, pass_score, evaluator_version, is_required, public_metadata) values ('d5f176bd-d223-5822-b205-7bf1b108bfb4', '128fff8e-e320-5d62-a048-d1c764e8919e', 'contract-check', 'multiple_choice', 'gating', 1, 1, 'exact-v1', true, jsonb_build_object('lesson_id', 'AD-RP-01')) on conflict (id) do update set evaluator_version = excluded.evaluator_version;
insert into content_private.exercise_keys(exercise_id, evaluator_kind, answer_key) values ('d5f176bd-d223-5822-b205-7bf1b108bfb4', 'exact', to_jsonb('correct'::text)) on conflict (exercise_id) do update set answer_key = excluded.answer_key;
insert into public.lesson_prerequisites(lesson_version_id, prerequisite_lesson_id) values ('128fff8e-e320-5d62-a048-d1c764e8919e', '53dca957-96da-52bc-80ab-e24c6ccf2c77') on conflict do nothing;
insert into public.lessons(id, slug, canonical_title) values ('33c8fc2e-d682-516e-ad49-34d5c405aecc', 'ad-rp-02', 'Target, facing, range, shape, payload, and cancel composition') on conflict (id) do update set canonical_title = excluded.canonical_title;
insert into public.lesson_versions(id, lesson_id, course_version_id, module_id, version, title, position, change_class, estimated_study_minutes, estimated_project_minutes, requires_project_evidence, content_sha256, published_at) values ('c11e2cc5-17b3-507e-afb8-b0d93e9967ba', '33c8fc2e-d682-516e-ad49-34d5c405aecc', '9984bf3c-330f-5a3c-a6d5-0e363377e597', 'be15e04f-0758-5fc4-973f-3b4b2288030c', '1.0.0', 'Target, facing, range, shape, payload, and cancel composition', 1, 'major', 420, 840, true, '22b1b520b5eeb0ed035621b20a228dd34bdd2d55407789206105d9fb4cc0c662', now()) on conflict (id) do update set title = excluded.title, content_sha256 = excluded.content_sha256;
insert into public.exercise_definitions(id, lesson_version_id, slug, type, mode, max_score, pass_score, evaluator_version, is_required, public_metadata) values ('1dd94789-e664-5d69-98ca-7452bc32cc6c', 'c11e2cc5-17b3-507e-afb8-b0d93e9967ba', 'contract-check', 'multiple_choice', 'gating', 1, 1, 'exact-v1', true, jsonb_build_object('lesson_id', 'AD-RP-02')) on conflict (id) do update set evaluator_version = excluded.evaluator_version;
insert into content_private.exercise_keys(exercise_id, evaluator_kind, answer_key) values ('1dd94789-e664-5d69-98ca-7452bc32cc6c', 'exact', to_jsonb('correct'::text)) on conflict (exercise_id) do update set answer_key = excluded.answer_key;
insert into public.lesson_prerequisites(lesson_version_id, prerequisite_lesson_id) values ('c11e2cc5-17b3-507e-afb8-b0d93e9967ba', '72b9e46b-ff76-5488-b5e3-977e9bb34134') on conflict do nothing;
insert into public.lessons(id, slug, canonical_title) values ('9a04519b-39cb-5746-8f9b-cfbda99fb9ca', 'ad-rp-03', 'Class identity, role leaning, resources, and mechanics') on conflict (id) do update set canonical_title = excluded.canonical_title;
insert into public.lesson_versions(id, lesson_id, course_version_id, module_id, version, title, position, change_class, estimated_study_minutes, estimated_project_minutes, requires_project_evidence, content_sha256, published_at) values ('8a37e636-2e4d-523f-b360-4c1e11dc9cc1', '9a04519b-39cb-5746-8f9b-cfbda99fb9ca', '9984bf3c-330f-5a3c-a6d5-0e363377e597', 'be15e04f-0758-5fc4-973f-3b4b2288030c', '1.0.0', 'Class identity, role leaning, resources, and mechanics', 2, 'major', 300, 600, true, '35c1fe952c367ec549298522f0386a2e27e8bf7adf1e21542b9465c4880ac86b', now()) on conflict (id) do update set title = excluded.title, content_sha256 = excluded.content_sha256;
insert into public.exercise_definitions(id, lesson_version_id, slug, type, mode, max_score, pass_score, evaluator_version, is_required, public_metadata) values ('39a5c508-caf2-5d79-acad-8171a928da48', '8a37e636-2e4d-523f-b360-4c1e11dc9cc1', 'contract-check', 'multiple_choice', 'gating', 1, 1, 'exact-v1', true, jsonb_build_object('lesson_id', 'AD-RP-03')) on conflict (id) do update set evaluator_version = excluded.evaluator_version;
insert into content_private.exercise_keys(exercise_id, evaluator_kind, answer_key) values ('39a5c508-caf2-5d79-acad-8171a928da48', 'exact', to_jsonb('correct'::text)) on conflict (exercise_id) do update set answer_key = excluded.answer_key;
insert into public.lesson_prerequisites(lesson_version_id, prerequisite_lesson_id) values ('8a37e636-2e4d-523f-b360-4c1e11dc9cc1', '33c8fc2e-d682-516e-ad49-34d5c405aecc') on conflict do nothing;
insert into public.lessons(id, slug, canonical_title) values ('9695aff0-ee0e-51a9-8cda-7f4811cdd199', 'ad-rp-04', 'Main weapon packages and borrowed sub-weapon skills') on conflict (id) do update set canonical_title = excluded.canonical_title;
insert into public.lesson_versions(id, lesson_id, course_version_id, module_id, version, title, position, change_class, estimated_study_minutes, estimated_project_minutes, requires_project_evidence, content_sha256, published_at) values ('cb3c7028-2d5c-5836-a347-e0017867e314', '9695aff0-ee0e-51a9-8cda-7f4811cdd199', '9984bf3c-330f-5a3c-a6d5-0e363377e597', 'be15e04f-0758-5fc4-973f-3b4b2288030c', '1.0.0', 'Main weapon packages and borrowed sub-weapon skills', 3, 'major', 360, 720, true, 'e3cf8f7a91555f4a778ea702fd37c3dc548759749bc0cfe90df18111854c17e3', now()) on conflict (id) do update set title = excluded.title, content_sha256 = excluded.content_sha256;
insert into public.exercise_definitions(id, lesson_version_id, slug, type, mode, max_score, pass_score, evaluator_version, is_required, public_metadata) values ('85c2695d-6758-5aa2-975b-55691d0703f4', 'cb3c7028-2d5c-5836-a347-e0017867e314', 'contract-check', 'multiple_choice', 'gating', 1, 1, 'exact-v1', true, jsonb_build_object('lesson_id', 'AD-RP-04')) on conflict (id) do update set evaluator_version = excluded.evaluator_version;
insert into content_private.exercise_keys(exercise_id, evaluator_kind, answer_key) values ('85c2695d-6758-5aa2-975b-55691d0703f4', 'exact', to_jsonb('correct'::text)) on conflict (exercise_id) do update set answer_key = excluded.answer_key;
insert into public.lesson_prerequisites(lesson_version_id, prerequisite_lesson_id) values ('cb3c7028-2d5c-5836-a347-e0017867e314', '9a04519b-39cb-5746-8f9b-cfbda99fb9ca') on conflict do nothing;
insert into public.lessons(id, slug, canonical_title) values ('92b6ad27-34ac-532f-9724-1dd3c70d78ab', 'ad-rp-05', 'Tag grammar and rule composition') on conflict (id) do update set canonical_title = excluded.canonical_title;
insert into public.lesson_versions(id, lesson_id, course_version_id, module_id, version, title, position, change_class, estimated_study_minutes, estimated_project_minutes, requires_project_evidence, content_sha256, published_at) values ('cbe6a8a2-8fbc-50bb-b417-d2249ef9ec73', '92b6ad27-34ac-532f-9724-1dd3c70d78ab', '9984bf3c-330f-5a3c-a6d5-0e363377e597', 'be15e04f-0758-5fc4-973f-3b4b2288030c', '1.0.0', 'Tag grammar and rule composition', 4, 'major', 420, 720, true, '7c4e29bc0279a1fc843d9100f1f72bec40a117362d78217ac661769f4bb715fe', now()) on conflict (id) do update set title = excluded.title, content_sha256 = excluded.content_sha256;
insert into public.exercise_definitions(id, lesson_version_id, slug, type, mode, max_score, pass_score, evaluator_version, is_required, public_metadata) values ('7e2824ec-b7d1-5eda-88a5-a9fb668d2a9b', 'cbe6a8a2-8fbc-50bb-b417-d2249ef9ec73', 'contract-check', 'multiple_choice', 'gating', 1, 1, 'exact-v1', true, jsonb_build_object('lesson_id', 'AD-RP-05')) on conflict (id) do update set evaluator_version = excluded.evaluator_version;
insert into content_private.exercise_keys(exercise_id, evaluator_kind, answer_key) values ('7e2824ec-b7d1-5eda-88a5-a9fb668d2a9b', 'exact', to_jsonb('correct'::text)) on conflict (exercise_id) do update set answer_key = excluded.answer_key;
insert into public.lesson_prerequisites(lesson_version_id, prerequisite_lesson_id) values ('cbe6a8a2-8fbc-50bb-b417-d2249ef9ec73', '9695aff0-ee0e-51a9-8cda-7f4811cdd199') on conflict do nothing;
insert into public.lessons(id, slug, canonical_title) values ('db6faef9-acb0-5d91-a015-7e352369cdde', 'ad-rp-06', 'Class trees, points, prerequisites, ranks, and passives') on conflict (id) do update set canonical_title = excluded.canonical_title;
insert into public.lesson_versions(id, lesson_id, course_version_id, module_id, version, title, position, change_class, estimated_study_minutes, estimated_project_minutes, requires_project_evidence, content_sha256, published_at) values ('a1543a66-eaec-575f-a38e-a11fef15f60f', 'db6faef9-acb0-5d91-a015-7e352369cdde', '9984bf3c-330f-5a3c-a6d5-0e363377e597', 'be15e04f-0758-5fc4-973f-3b4b2288030c', '1.0.0', 'Class trees, points, prerequisites, ranks, and passives', 5, 'major', 480, 960, true, '829478b8ed306d37c2aa1905fa9e5102520e7cad08457af2fb3b16165a8bc657', now()) on conflict (id) do update set title = excluded.title, content_sha256 = excluded.content_sha256;
insert into public.exercise_definitions(id, lesson_version_id, slug, type, mode, max_score, pass_score, evaluator_version, is_required, public_metadata) values ('e0610ee3-a517-57f4-9700-4d952678280a', 'a1543a66-eaec-575f-a38e-a11fef15f60f', 'contract-check', 'multiple_choice', 'gating', 1, 1, 'exact-v1', true, jsonb_build_object('lesson_id', 'AD-RP-06')) on conflict (id) do update set evaluator_version = excluded.evaluator_version;
insert into content_private.exercise_keys(exercise_id, evaluator_kind, answer_key) values ('e0610ee3-a517-57f4-9700-4d952678280a', 'exact', to_jsonb('correct'::text)) on conflict (exercise_id) do update set answer_key = excluded.answer_key;
insert into public.lesson_prerequisites(lesson_version_id, prerequisite_lesson_id) values ('a1543a66-eaec-575f-a38e-a11fef15f60f', '92b6ad27-34ac-532f-9724-1dd3c70d78ab') on conflict do nothing;
insert into public.lessons(id, slug, canonical_title) values ('a86a008c-aedc-5e8e-886b-f4ea82f45859', 'ad-rp-07', 'Synergies, respec, build-defining interactions, and buildcraft literacy') on conflict (id) do update set canonical_title = excluded.canonical_title;
insert into public.lesson_versions(id, lesson_id, course_version_id, module_id, version, title, position, change_class, estimated_study_minutes, estimated_project_minutes, requires_project_evidence, content_sha256, published_at) values ('417350dd-5d6c-522a-99c1-1a08ebac4df6', 'a86a008c-aedc-5e8e-886b-f4ea82f45859', '9984bf3c-330f-5a3c-a6d5-0e363377e597', 'be15e04f-0758-5fc4-973f-3b4b2288030c', '1.0.0', 'Synergies, respec, build-defining interactions, and buildcraft literacy', 6, 'major', 420, 720, true, 'f4d03d885ce3c6070479f28d907be57972a1544e10260b920472e9fee244b201', now()) on conflict (id) do update set title = excluded.title, content_sha256 = excluded.content_sha256;
insert into public.exercise_definitions(id, lesson_version_id, slug, type, mode, max_score, pass_score, evaluator_version, is_required, public_metadata) values ('e2fed818-1bc8-5033-82d4-1fa8629d1dcd', '417350dd-5d6c-522a-99c1-1a08ebac4df6', 'contract-check', 'multiple_choice', 'gating', 1, 1, 'exact-v1', true, jsonb_build_object('lesson_id', 'AD-RP-07')) on conflict (id) do update set evaluator_version = excluded.evaluator_version;
insert into content_private.exercise_keys(exercise_id, evaluator_kind, answer_key) values ('e2fed818-1bc8-5033-82d4-1fa8629d1dcd', 'exact', to_jsonb('correct'::text)) on conflict (exercise_id) do update set answer_key = excluded.answer_key;
insert into public.lesson_prerequisites(lesson_version_id, prerequisite_lesson_id) values ('417350dd-5d6c-522a-99c1-1a08ebac4df6', 'db6faef9-acb0-5d91-a015-7e352369cdde') on conflict do nothing;
insert into public.lessons(id, slug, canonical_title) values ('0dbe2bf3-3bb8-5a8b-8579-85805b1dd0ad', 'ad-rp-08', 'Item bases, identity, slots, rarity, and affix grammar') on conflict (id) do update set canonical_title = excluded.canonical_title;
insert into public.lesson_versions(id, lesson_id, course_version_id, module_id, version, title, position, change_class, estimated_study_minutes, estimated_project_minutes, requires_project_evidence, content_sha256, published_at) values ('143283fb-1ecd-59d4-897f-c06798613eb2', '0dbe2bf3-3bb8-5a8b-8579-85805b1dd0ad', '9984bf3c-330f-5a3c-a6d5-0e363377e597', 'be15e04f-0758-5fc4-973f-3b4b2288030c', '1.0.0', 'Item bases, identity, slots, rarity, and affix grammar', 7, 'major', 480, 960, true, '35c16374430fa7911a908c57418cbabf5d57ad2c882e1b15a7b35a46a7e6f31f', now()) on conflict (id) do update set title = excluded.title, content_sha256 = excluded.content_sha256;
insert into public.exercise_definitions(id, lesson_version_id, slug, type, mode, max_score, pass_score, evaluator_version, is_required, public_metadata) values ('09bcc9c9-eca6-5a26-bc15-a18c7a2284ce', '143283fb-1ecd-59d4-897f-c06798613eb2', 'contract-check', 'multiple_choice', 'gating', 1, 1, 'exact-v1', true, jsonb_build_object('lesson_id', 'AD-RP-08')) on conflict (id) do update set evaluator_version = excluded.evaluator_version;
insert into content_private.exercise_keys(exercise_id, evaluator_kind, answer_key) values ('09bcc9c9-eca6-5a26-bc15-a18c7a2284ce', 'exact', to_jsonb('correct'::text)) on conflict (exercise_id) do update set answer_key = excluded.answer_key;
insert into public.lesson_prerequisites(lesson_version_id, prerequisite_lesson_id) values ('143283fb-1ecd-59d4-897f-c06798613eb2', 'a86a008c-aedc-5e8e-886b-f4ea82f45859') on conflict do nothing;
insert into public.lessons(id, slug, canonical_title) values ('74edbd93-3973-5d94-949e-f0718f1370f9', 'ad-rp-09', 'Server-owned loot rolls, personal ownership, and economy boundaries') on conflict (id) do update set canonical_title = excluded.canonical_title;
insert into public.lesson_versions(id, lesson_id, course_version_id, module_id, version, title, position, change_class, estimated_study_minutes, estimated_project_minutes, requires_project_evidence, content_sha256, published_at) values ('983b59e4-78cc-5f5b-8ca2-bf05cdcb1909', '74edbd93-3973-5d94-949e-f0718f1370f9', '9984bf3c-330f-5a3c-a6d5-0e363377e597', 'be15e04f-0758-5fc4-973f-3b4b2288030c', '1.0.0', 'Server-owned loot rolls, personal ownership, and economy boundaries', 8, 'major', 480, 960, true, '0d6025c9cc27088e42200dbc9486ba493af85bbeb3803a9111d0058b66106060', now()) on conflict (id) do update set title = excluded.title, content_sha256 = excluded.content_sha256;
insert into public.exercise_definitions(id, lesson_version_id, slug, type, mode, max_score, pass_score, evaluator_version, is_required, public_metadata) values ('afff7a85-fb13-5c58-9656-ee89c50c516b', '983b59e4-78cc-5f5b-8ca2-bf05cdcb1909', 'contract-check', 'multiple_choice', 'gating', 1, 1, 'exact-v1', true, jsonb_build_object('lesson_id', 'AD-RP-09')) on conflict (id) do update set evaluator_version = excluded.evaluator_version;
insert into content_private.exercise_keys(exercise_id, evaluator_kind, answer_key) values ('afff7a85-fb13-5c58-9656-ee89c50c516b', 'exact', to_jsonb('correct'::text)) on conflict (exercise_id) do update set answer_key = excluded.answer_key;
insert into public.lesson_prerequisites(lesson_version_id, prerequisite_lesson_id) values ('983b59e4-78cc-5f5b-8ca2-bf05cdcb1909', '0dbe2bf3-3bb8-5a8b-8579-85805b1dd0ad') on conflict do nothing;
insert into public.lessons(id, slug, canonical_title) values ('987b530e-2aa3-581b-97d1-91c475176ad3', 'ad-rp-10', 'Inventory, equipment, stash, comparison, and item persistence') on conflict (id) do update set canonical_title = excluded.canonical_title;
insert into public.lesson_versions(id, lesson_id, course_version_id, module_id, version, title, position, change_class, estimated_study_minutes, estimated_project_minutes, requires_project_evidence, content_sha256, published_at) values ('51a62fae-1295-59ee-933a-e95bd04d0361', '987b530e-2aa3-581b-97d1-91c475176ad3', '9984bf3c-330f-5a3c-a6d5-0e363377e597', 'be15e04f-0758-5fc4-973f-3b4b2288030c', '1.0.0', 'Inventory, equipment, stash, comparison, and item persistence', 9, 'major', 540, 1080, true, '5ce636ab0148fbd0e4261aa221a1488631e2aae04a3f3049ea65ab5207f6f8c0', now()) on conflict (id) do update set title = excluded.title, content_sha256 = excluded.content_sha256;
insert into public.exercise_definitions(id, lesson_version_id, slug, type, mode, max_score, pass_score, evaluator_version, is_required, public_metadata) values ('c7b6aeda-74f6-5444-85ea-04b041b10122', '51a62fae-1295-59ee-933a-e95bd04d0361', 'contract-check', 'multiple_choice', 'gating', 1, 1, 'exact-v1', true, jsonb_build_object('lesson_id', 'AD-RP-10')) on conflict (id) do update set evaluator_version = excluded.evaluator_version;
insert into content_private.exercise_keys(exercise_id, evaluator_kind, answer_key) values ('c7b6aeda-74f6-5444-85ea-04b041b10122', 'exact', to_jsonb('correct'::text)) on conflict (exercise_id) do update set answer_key = excluded.answer_key;
insert into public.lesson_prerequisites(lesson_version_id, prerequisite_lesson_id) values ('51a62fae-1295-59ee-933a-e95bd04d0361', '74edbd93-3973-5d94-949e-f0718f1370f9') on conflict do nothing;
insert into public.lessons(id, slug, canonical_title) values ('e2bca7cc-76f8-5fad-9e79-323752f7844b', 'ad-rp-11', 'Progression/loot pacing, uniques, migrations, and economy observability') on conflict (id) do update set canonical_title = excluded.canonical_title;
insert into public.lesson_versions(id, lesson_id, course_version_id, module_id, version, title, position, change_class, estimated_study_minutes, estimated_project_minutes, requires_project_evidence, content_sha256, published_at) values ('0854dd18-b271-5f31-be53-150ce1c8cc98', 'e2bca7cc-76f8-5fad-9e79-323752f7844b', '9984bf3c-330f-5a3c-a6d5-0e363377e597', 'be15e04f-0758-5fc4-973f-3b4b2288030c', '1.0.0', 'Progression/loot pacing, uniques, migrations, and economy observability', 10, 'major', 480, 960, true, '9abb358a8edcc001ea295533b109df3157f79516a9939076aa2ac2e8203d56d4', now()) on conflict (id) do update set title = excluded.title, content_sha256 = excluded.content_sha256;
insert into public.exercise_definitions(id, lesson_version_id, slug, type, mode, max_score, pass_score, evaluator_version, is_required, public_metadata) values ('d86659f5-14ae-5568-9c11-2dc124420241', '0854dd18-b271-5f31-be53-150ce1c8cc98', 'contract-check', 'multiple_choice', 'gating', 1, 1, 'exact-v1', true, jsonb_build_object('lesson_id', 'AD-RP-11')) on conflict (id) do update set evaluator_version = excluded.evaluator_version;
insert into content_private.exercise_keys(exercise_id, evaluator_kind, answer_key) values ('d86659f5-14ae-5568-9c11-2dc124420241', 'exact', to_jsonb('correct'::text)) on conflict (exercise_id) do update set answer_key = excluded.answer_key;
insert into public.lesson_prerequisites(lesson_version_id, prerequisite_lesson_id) values ('0854dd18-b271-5f31-be53-150ce1c8cc98', '987b530e-2aa3-581b-97d1-91c475176ad3') on conflict do nothing;
insert into public.lessons(id, slug, canonical_title) values ('11c26c16-b06f-5aa3-8c9c-766f3eecb3b7', 'ad-ai-01', 'Navmesh concepts, Recast build, Detour queries, and debug views') on conflict (id) do update set canonical_title = excluded.canonical_title;
insert into public.lesson_versions(id, lesson_id, course_version_id, module_id, version, title, position, change_class, estimated_study_minutes, estimated_project_minutes, requires_project_evidence, content_sha256, published_at) values ('d4aa74d7-8d6d-5a74-aa08-442347254665', '11c26c16-b06f-5aa3-8c9c-766f3eecb3b7', '9984bf3c-330f-5a3c-a6d5-0e363377e597', '07fd7a80-ca0b-512e-9f5d-7eb4529be3ff', '1.0.0', 'Navmesh concepts, Recast build, Detour queries, and debug views', 0, 'major', 480, 840, true, '05080c4b53abfe45acac29eaaf2e236a2848b6e4acc3ce03dade16184c2e1fce', now()) on conflict (id) do update set title = excluded.title, content_sha256 = excluded.content_sha256;
insert into public.exercise_definitions(id, lesson_version_id, slug, type, mode, max_score, pass_score, evaluator_version, is_required, public_metadata) values ('4e73408f-a431-58ac-8095-e500c9c9e83f', 'd4aa74d7-8d6d-5a74-aa08-442347254665', 'contract-check', 'multiple_choice', 'gating', 1, 1, 'exact-v1', true, jsonb_build_object('lesson_id', 'AD-AI-01')) on conflict (id) do update set evaluator_version = excluded.evaluator_version;
insert into content_private.exercise_keys(exercise_id, evaluator_kind, answer_key) values ('4e73408f-a431-58ac-8095-e500c9c9e83f', 'exact', to_jsonb('correct'::text)) on conflict (exercise_id) do update set answer_key = excluded.answer_key;
insert into public.lesson_prerequisites(lesson_version_id, prerequisite_lesson_id) values ('d4aa74d7-8d6d-5a74-aa08-442347254665', 'e2bca7cc-76f8-5fad-9e79-323752f7844b') on conflict do nothing;
insert into public.lessons(id, slug, canonical_title) values ('54df7b41-e87a-594d-971e-ff026b8857a9', 'ad-ai-02', 'Tiled navmesh, obstacles, crowd/steering, and query budgets') on conflict (id) do update set canonical_title = excluded.canonical_title;
insert into public.lesson_versions(id, lesson_id, course_version_id, module_id, version, title, position, change_class, estimated_study_minutes, estimated_project_minutes, requires_project_evidence, content_sha256, published_at) values ('992e5fdb-1ca5-5af8-a29c-49e2de77288e', '54df7b41-e87a-594d-971e-ff026b8857a9', '9984bf3c-330f-5a3c-a6d5-0e363377e597', '07fd7a80-ca0b-512e-9f5d-7eb4529be3ff', '1.0.0', 'Tiled navmesh, obstacles, crowd/steering, and query budgets', 1, 'major', 420, 720, true, 'd52089bb010f77e423da7192cedc791bebc8cbd7c6bcd37294317558f500606d', now()) on conflict (id) do update set title = excluded.title, content_sha256 = excluded.content_sha256;
insert into public.exercise_definitions(id, lesson_version_id, slug, type, mode, max_score, pass_score, evaluator_version, is_required, public_metadata) values ('350f7258-8624-5ae5-bb9d-587381cd1d1f', '992e5fdb-1ca5-5af8-a29c-49e2de77288e', 'contract-check', 'multiple_choice', 'gating', 1, 1, 'exact-v1', true, jsonb_build_object('lesson_id', 'AD-AI-02')) on conflict (id) do update set evaluator_version = excluded.evaluator_version;
insert into content_private.exercise_keys(exercise_id, evaluator_kind, answer_key) values ('350f7258-8624-5ae5-bb9d-587381cd1d1f', 'exact', to_jsonb('correct'::text)) on conflict (exercise_id) do update set answer_key = excluded.answer_key;
insert into public.lesson_prerequisites(lesson_version_id, prerequisite_lesson_id) values ('992e5fdb-1ca5-5af8-a29c-49e2de77288e', '11c26c16-b06f-5aa3-8c9c-766f3eecb3b7') on conflict do nothing;
insert into public.lessons(id, slug, canonical_title) values ('f780a8c4-8617-53ff-8261-55d6ac5edd4b', 'ad-ai-03', 'Behavior authoring model and action contracts') on conflict (id) do update set canonical_title = excluded.canonical_title;
insert into public.lesson_versions(id, lesson_id, course_version_id, module_id, version, title, position, change_class, estimated_study_minutes, estimated_project_minutes, requires_project_evidence, content_sha256, published_at) values ('e5425c84-5974-5f31-ad04-595a57b08762', 'f780a8c4-8617-53ff-8261-55d6ac5edd4b', '9984bf3c-330f-5a3c-a6d5-0e363377e597', '07fd7a80-ca0b-512e-9f5d-7eb4529be3ff', '1.0.0', 'Behavior authoring model and action contracts', 2, 'major', 480, 840, true, 'b13fa7cc804345c027cd67ddfa8149ade9d8b76cdb92db5d691b071c7bb374fd', now()) on conflict (id) do update set title = excluded.title, content_sha256 = excluded.content_sha256;
insert into public.exercise_definitions(id, lesson_version_id, slug, type, mode, max_score, pass_score, evaluator_version, is_required, public_metadata) values ('f91917ba-9509-5b79-a4a9-e4ef5fcd1eee', 'e5425c84-5974-5f31-ad04-595a57b08762', 'contract-check', 'multiple_choice', 'gating', 1, 1, 'exact-v1', true, jsonb_build_object('lesson_id', 'AD-AI-03')) on conflict (id) do update set evaluator_version = excluded.evaluator_version;
insert into content_private.exercise_keys(exercise_id, evaluator_kind, answer_key) values ('f91917ba-9509-5b79-a4a9-e4ef5fcd1eee', 'exact', to_jsonb('correct'::text)) on conflict (exercise_id) do update set answer_key = excluded.answer_key;
insert into public.lesson_prerequisites(lesson_version_id, prerequisite_lesson_id) values ('e5425c84-5974-5f31-ad04-595a57b08762', '54df7b41-e87a-594d-971e-ff026b8857a9') on conflict do nothing;
insert into public.lessons(id, slug, canonical_title) values ('4442ed50-ac5b-5419-a330-0c6890e7c060', 'ad-ai-04', 'Perception, threat, taunts, healer threat, and role cooperation') on conflict (id) do update set canonical_title = excluded.canonical_title;
insert into public.lesson_versions(id, lesson_id, course_version_id, module_id, version, title, position, change_class, estimated_study_minutes, estimated_project_minutes, requires_project_evidence, content_sha256, published_at) values ('3fa04592-c3a9-5578-87f9-8b25b3ca8546', '4442ed50-ac5b-5419-a330-0c6890e7c060', '9984bf3c-330f-5a3c-a6d5-0e363377e597', '07fd7a80-ca0b-512e-9f5d-7eb4529be3ff', '1.0.0', 'Perception, threat, taunts, healer threat, and role cooperation', 3, 'major', 480, 840, true, '1a28553523b2c81754e7a8271a6d9bd3d25990437159dad785e8d7a42182e58d', now()) on conflict (id) do update set title = excluded.title, content_sha256 = excluded.content_sha256;
insert into public.exercise_definitions(id, lesson_version_id, slug, type, mode, max_score, pass_score, evaluator_version, is_required, public_metadata) values ('8eb07dc2-5201-5db8-ae11-e45fb38095af', '3fa04592-c3a9-5578-87f9-8b25b3ca8546', 'contract-check', 'multiple_choice', 'gating', 1, 1, 'exact-v1', true, jsonb_build_object('lesson_id', 'AD-AI-04')) on conflict (id) do update set evaluator_version = excluded.evaluator_version;
insert into content_private.exercise_keys(exercise_id, evaluator_kind, answer_key) values ('8eb07dc2-5201-5db8-ae11-e45fb38095af', 'exact', to_jsonb('correct'::text)) on conflict (exercise_id) do update set answer_key = excluded.answer_key;
insert into public.lesson_prerequisites(lesson_version_id, prerequisite_lesson_id) values ('3fa04592-c3a9-5578-87f9-8b25b3ca8546', 'f780a8c4-8617-53ff-8261-55d6ac5edd4b') on conflict do nothing;
insert into public.lessons(id, slug, canonical_title) values ('24233419-43bb-59f6-be54-d8c6b4b7d433', 'ad-ai-05', 'Enemy archetypes, status response, and readable telegraphs') on conflict (id) do update set canonical_title = excluded.canonical_title;
insert into public.lesson_versions(id, lesson_id, course_version_id, module_id, version, title, position, change_class, estimated_study_minutes, estimated_project_minutes, requires_project_evidence, content_sha256, published_at) values ('ba781fb2-0a3c-5123-b5e6-20a5192b5675', '24233419-43bb-59f6-be54-d8c6b4b7d433', '9984bf3c-330f-5a3c-a6d5-0e363377e597', '07fd7a80-ca0b-512e-9f5d-7eb4529be3ff', '1.0.0', 'Enemy archetypes, status response, and readable telegraphs', 4, 'major', 420, 720, true, '8ef71796a413e2a0ce69c426da8ee77cd9d74c909aba2b5f9628b6510a824fb1', now()) on conflict (id) do update set title = excluded.title, content_sha256 = excluded.content_sha256;
insert into public.exercise_definitions(id, lesson_version_id, slug, type, mode, max_score, pass_score, evaluator_version, is_required, public_metadata) values ('a22b49f2-3748-57f4-be88-b6b4a62696f9', 'ba781fb2-0a3c-5123-b5e6-20a5192b5675', 'contract-check', 'multiple_choice', 'gating', 1, 1, 'exact-v1', true, jsonb_build_object('lesson_id', 'AD-AI-05')) on conflict (id) do update set evaluator_version = excluded.evaluator_version;
insert into content_private.exercise_keys(exercise_id, evaluator_kind, answer_key) values ('a22b49f2-3748-57f4-be88-b6b4a62696f9', 'exact', to_jsonb('correct'::text)) on conflict (exercise_id) do update set answer_key = excluded.answer_key;
insert into public.lesson_prerequisites(lesson_version_id, prerequisite_lesson_id) values ('ba781fb2-0a3c-5123-b5e6-20a5192b5675', '4442ed50-ac5b-5419-a330-0c6890e7c060') on conflict do nothing;
insert into public.lessons(id, slug, canonical_title) values ('4c802b5c-c79d-5323-a4f9-443b9ca15a59', 'ad-ai-06', 'Encounters, boss phases, resets, anti-zerg rules, and pacing') on conflict (id) do update set canonical_title = excluded.canonical_title;
insert into public.lesson_versions(id, lesson_id, course_version_id, module_id, version, title, position, change_class, estimated_study_minutes, estimated_project_minutes, requires_project_evidence, content_sha256, published_at) values ('32efd69e-87d5-5f34-abe3-2b0d47b6c1ce', '4c802b5c-c79d-5323-a4f9-443b9ca15a59', '9984bf3c-330f-5a3c-a6d5-0e363377e597', '07fd7a80-ca0b-512e-9f5d-7eb4529be3ff', '1.0.0', 'Encounters, boss phases, resets, anti-zerg rules, and pacing', 5, 'major', 600, 1080, true, '307fb45ce56c64f59b95823ce2e7137a58ca02d96bf98c203b98a2c5f235f76e', now()) on conflict (id) do update set title = excluded.title, content_sha256 = excluded.content_sha256;
insert into public.exercise_definitions(id, lesson_version_id, slug, type, mode, max_score, pass_score, evaluator_version, is_required, public_metadata) values ('b201443c-371d-55fe-b266-fa7879dbaa85', '32efd69e-87d5-5f34-abe3-2b0d47b6c1ce', 'contract-check', 'multiple_choice', 'gating', 1, 1, 'exact-v1', true, jsonb_build_object('lesson_id', 'AD-AI-06')) on conflict (id) do update set evaluator_version = excluded.evaluator_version;
insert into content_private.exercise_keys(exercise_id, evaluator_kind, answer_key) values ('b201443c-371d-55fe-b266-fa7879dbaa85', 'exact', to_jsonb('correct'::text)) on conflict (exercise_id) do update set answer_key = excluded.answer_key;
insert into public.lesson_prerequisites(lesson_version_id, prerequisite_lesson_id) values ('32efd69e-87d5-5f34-abe3-2b0d47b6c1ce', '24233419-43bb-59f6-be54-d8c6b4b7d433') on conflict do nothing;
insert into public.lessons(id, slug, canonical_title) values ('957f7342-4cec-51cd-b772-1942fb99be22', 'ad-ai-07', 'One-to-eight player scaling and encounter performance budgets') on conflict (id) do update set canonical_title = excluded.canonical_title;
insert into public.lesson_versions(id, lesson_id, course_version_id, module_id, version, title, position, change_class, estimated_study_minutes, estimated_project_minutes, requires_project_evidence, content_sha256, published_at) values ('3a3415b4-30c2-51f3-ac2f-773b6eec5c1a', '957f7342-4cec-51cd-b772-1942fb99be22', '9984bf3c-330f-5a3c-a6d5-0e363377e597', '07fd7a80-ca0b-512e-9f5d-7eb4529be3ff', '1.0.0', 'One-to-eight player scaling and encounter performance budgets', 6, 'major', 480, 840, true, '8ea7dc3597473a68d4d036813f827182d1a7a9f67f12dd71b5445941d5f51ae7', now()) on conflict (id) do update set title = excluded.title, content_sha256 = excluded.content_sha256;
insert into public.exercise_definitions(id, lesson_version_id, slug, type, mode, max_score, pass_score, evaluator_version, is_required, public_metadata) values ('80bfb0ce-20ca-533f-b4cb-e90318a8c444', '3a3415b4-30c2-51f3-ac2f-773b6eec5c1a', 'contract-check', 'multiple_choice', 'gating', 1, 1, 'exact-v1', true, jsonb_build_object('lesson_id', 'AD-AI-07')) on conflict (id) do update set evaluator_version = excluded.evaluator_version;
insert into content_private.exercise_keys(exercise_id, evaluator_kind, answer_key) values ('80bfb0ce-20ca-533f-b4cb-e90318a8c444', 'exact', to_jsonb('correct'::text)) on conflict (exercise_id) do update set answer_key = excluded.answer_key;
insert into public.lesson_prerequisites(lesson_version_id, prerequisite_lesson_id) values ('3a3415b4-30c2-51f3-ac2f-773b6eec5c1a', '4c802b5c-c79d-5323-a4f9-443b9ca15a59') on conflict do nothing;
insert into public.lessons(id, slug, canonical_title) values ('ccc7dfd6-5e99-596f-a9b8-7c0f7311b5fd', 'ad-nw-01', 'Client/server/shared separation and authority map') on conflict (id) do update set canonical_title = excluded.canonical_title;
insert into public.lesson_versions(id, lesson_id, course_version_id, module_id, version, title, position, change_class, estimated_study_minutes, estimated_project_minutes, requires_project_evidence, content_sha256, published_at) values ('503310ac-9a48-5836-9eb6-b3685d536b24', 'ccc7dfd6-5e99-596f-a9b8-7c0f7311b5fd', '9984bf3c-330f-5a3c-a6d5-0e363377e597', 'a5e62633-e957-5476-bcfd-15051912e4ed', '1.0.0', 'Client/server/shared separation and authority map', 0, 'major', 360, 600, true, '0b69bb7d442a940a551871fa9e567cd9a80338b7a9caced11cd20f3ece1c656c', now()) on conflict (id) do update set title = excluded.title, content_sha256 = excluded.content_sha256;
insert into public.exercise_definitions(id, lesson_version_id, slug, type, mode, max_score, pass_score, evaluator_version, is_required, public_metadata) values ('aaa1cd3c-9224-50c1-bd02-be698b98ea85', '503310ac-9a48-5836-9eb6-b3685d536b24', 'contract-check', 'multiple_choice', 'gating', 1, 1, 'exact-v1', true, jsonb_build_object('lesson_id', 'AD-NW-01')) on conflict (id) do update set evaluator_version = excluded.evaluator_version;
insert into content_private.exercise_keys(exercise_id, evaluator_kind, answer_key) values ('aaa1cd3c-9224-50c1-bd02-be698b98ea85', 'exact', to_jsonb('correct'::text)) on conflict (exercise_id) do update set answer_key = excluded.answer_key;
insert into public.lesson_prerequisites(lesson_version_id, prerequisite_lesson_id) values ('503310ac-9a48-5836-9eb6-b3685d536b24', '957f7342-4cec-51cd-b772-1942fb99be22') on conflict do nothing;
insert into public.lessons(id, slug, canonical_title) values ('6e901207-596b-5a24-b39f-3baa57ff34dd', 'ad-nw-02', 'GameNetworkingSockets, connection lifecycle, and message classes') on conflict (id) do update set canonical_title = excluded.canonical_title;
insert into public.lesson_versions(id, lesson_id, course_version_id, module_id, version, title, position, change_class, estimated_study_minutes, estimated_project_minutes, requires_project_evidence, content_sha256, published_at) values ('5f2cdab9-ddd2-5829-8b78-38ad21f6550e', '6e901207-596b-5a24-b39f-3baa57ff34dd', '9984bf3c-330f-5a3c-a6d5-0e363377e597', 'a5e62633-e957-5476-bcfd-15051912e4ed', '1.0.0', 'GameNetworkingSockets, connection lifecycle, and message classes', 1, 'major', 480, 840, true, '7650ec851ad55b0a58adb7a43f48135ce5f658985156bd48163f471d8effcfcf', now()) on conflict (id) do update set title = excluded.title, content_sha256 = excluded.content_sha256;
insert into public.exercise_definitions(id, lesson_version_id, slug, type, mode, max_score, pass_score, evaluator_version, is_required, public_metadata) values ('661972d8-173b-5718-b15d-41056016a6a4', '5f2cdab9-ddd2-5829-8b78-38ad21f6550e', 'contract-check', 'multiple_choice', 'gating', 1, 1, 'exact-v1', true, jsonb_build_object('lesson_id', 'AD-NW-02')) on conflict (id) do update set evaluator_version = excluded.evaluator_version;
insert into content_private.exercise_keys(exercise_id, evaluator_kind, answer_key) values ('661972d8-173b-5718-b15d-41056016a6a4', 'exact', to_jsonb('correct'::text)) on conflict (exercise_id) do update set answer_key = excluded.answer_key;
insert into public.lesson_prerequisites(lesson_version_id, prerequisite_lesson_id) values ('5f2cdab9-ddd2-5829-8b78-38ad21f6550e', 'ccc7dfd6-5e99-596f-a9b8-7c0f7311b5fd') on conflict do nothing;
insert into public.lessons(id, slug, canonical_title) values ('0739d11c-4d93-5e23-b72e-2ce092c7b638', 'ad-nw-03', 'Fixed-tick input commands and server movement validation') on conflict (id) do update set canonical_title = excluded.canonical_title;
insert into public.lesson_versions(id, lesson_id, course_version_id, module_id, version, title, position, change_class, estimated_study_minutes, estimated_project_minutes, requires_project_evidence, content_sha256, published_at) values ('43103e80-f8d2-5163-8c1e-c3f9f487a970', '0739d11c-4d93-5e23-b72e-2ce092c7b638', '9984bf3c-330f-5a3c-a6d5-0e363377e597', 'a5e62633-e957-5476-bcfd-15051912e4ed', '1.0.0', 'Fixed-tick input commands and server movement validation', 2, 'major', 480, 960, true, '4945c1ea166939d9930d41ccd789d1c134a3401c7d629eb21fe0ced883f93b52', now()) on conflict (id) do update set title = excluded.title, content_sha256 = excluded.content_sha256;
insert into public.exercise_definitions(id, lesson_version_id, slug, type, mode, max_score, pass_score, evaluator_version, is_required, public_metadata) values ('fb7acb35-a91c-5f1b-b932-d9e3a35c2a3e', '43103e80-f8d2-5163-8c1e-c3f9f487a970', 'contract-check', 'multiple_choice', 'gating', 1, 1, 'exact-v1', true, jsonb_build_object('lesson_id', 'AD-NW-03')) on conflict (id) do update set evaluator_version = excluded.evaluator_version;
insert into content_private.exercise_keys(exercise_id, evaluator_kind, answer_key) values ('fb7acb35-a91c-5f1b-b932-d9e3a35c2a3e', 'exact', to_jsonb('correct'::text)) on conflict (exercise_id) do update set answer_key = excluded.answer_key;
insert into public.lesson_prerequisites(lesson_version_id, prerequisite_lesson_id) values ('43103e80-f8d2-5163-8c1e-c3f9f487a970', '6e901207-596b-5a24-b39f-3baa57ff34dd') on conflict do nothing;
insert into public.lessons(id, slug, canonical_title) values ('3ca3675e-2709-5a97-9a23-87714d35cc21', 'ad-nw-04', 'Local prediction, acknowledgements, and reconciliation') on conflict (id) do update set canonical_title = excluded.canonical_title;
insert into public.lesson_versions(id, lesson_id, course_version_id, module_id, version, title, position, change_class, estimated_study_minutes, estimated_project_minutes, requires_project_evidence, content_sha256, published_at) values ('4267f7b5-1ee1-50d8-b8b6-a8354ed05ab4', '3ca3675e-2709-5a97-9a23-87714d35cc21', '9984bf3c-330f-5a3c-a6d5-0e363377e597', 'a5e62633-e957-5476-bcfd-15051912e4ed', '1.0.0', 'Local prediction, acknowledgements, and reconciliation', 3, 'major', 600, 1080, true, '6ee27fc9767ce6b1624d23465ec1931a0bde98386f762310e3a625ebb7a1fb99', now()) on conflict (id) do update set title = excluded.title, content_sha256 = excluded.content_sha256;
insert into public.exercise_definitions(id, lesson_version_id, slug, type, mode, max_score, pass_score, evaluator_version, is_required, public_metadata) values ('894d0803-f101-53c8-9795-86ab47b7f7a5', '4267f7b5-1ee1-50d8-b8b6-a8354ed05ab4', 'contract-check', 'multiple_choice', 'gating', 1, 1, 'exact-v1', true, jsonb_build_object('lesson_id', 'AD-NW-04')) on conflict (id) do update set evaluator_version = excluded.evaluator_version;
insert into content_private.exercise_keys(exercise_id, evaluator_kind, answer_key) values ('894d0803-f101-53c8-9795-86ab47b7f7a5', 'exact', to_jsonb('correct'::text)) on conflict (exercise_id) do update set answer_key = excluded.answer_key;
insert into public.lesson_prerequisites(lesson_version_id, prerequisite_lesson_id) values ('4267f7b5-1ee1-50d8-b8b6-a8354ed05ab4', '0739d11c-4d93-5e23-b72e-2ce092c7b638') on conflict do nothing;
insert into public.lessons(id, slug, canonical_title) values ('943f2ded-3ba9-5c0b-b748-fe03f93b5ba4', 'ad-nw-05', 'Snapshots, quantization, deltas, and remote interpolation') on conflict (id) do update set canonical_title = excluded.canonical_title;
insert into public.lesson_versions(id, lesson_id, course_version_id, module_id, version, title, position, change_class, estimated_study_minutes, estimated_project_minutes, requires_project_evidence, content_sha256, published_at) values ('76d07737-3b0a-5c79-8ee6-21b165b8aa3e', '943f2ded-3ba9-5c0b-b748-fe03f93b5ba4', '9984bf3c-330f-5a3c-a6d5-0e363377e597', 'a5e62633-e957-5476-bcfd-15051912e4ed', '1.0.0', 'Snapshots, quantization, deltas, and remote interpolation', 4, 'major', 600, 1080, true, '74c648c61353dc494b844c62cba11d69c5cf82fc444c31066d8e8aa25d493ba4', now()) on conflict (id) do update set title = excluded.title, content_sha256 = excluded.content_sha256;
insert into public.exercise_definitions(id, lesson_version_id, slug, type, mode, max_score, pass_score, evaluator_version, is_required, public_metadata) values ('2182e93c-eaa0-5565-a7d5-fb38705f2d7a', '76d07737-3b0a-5c79-8ee6-21b165b8aa3e', 'contract-check', 'multiple_choice', 'gating', 1, 1, 'exact-v1', true, jsonb_build_object('lesson_id', 'AD-NW-05')) on conflict (id) do update set evaluator_version = excluded.evaluator_version;
insert into content_private.exercise_keys(exercise_id, evaluator_kind, answer_key) values ('2182e93c-eaa0-5565-a7d5-fb38705f2d7a', 'exact', to_jsonb('correct'::text)) on conflict (exercise_id) do update set answer_key = excluded.answer_key;
insert into public.lesson_prerequisites(lesson_version_id, prerequisite_lesson_id) values ('76d07737-3b0a-5c79-8ee6-21b165b8aa3e', '3ca3675e-2709-5a97-9a23-87714d35cc21') on conflict do nothing;
insert into public.lessons(id, slug, canonical_title) values ('68f361d4-b17b-51f3-9c8a-5cc4062cd305', 'ad-nw-06', 'Relevance, interest management, priorities, and bandwidth budgets') on conflict (id) do update set canonical_title = excluded.canonical_title;
insert into public.lesson_versions(id, lesson_id, course_version_id, module_id, version, title, position, change_class, estimated_study_minutes, estimated_project_minutes, requires_project_evidence, content_sha256, published_at) values ('e9852572-426d-5550-a75f-bb0f569f4ab6', '68f361d4-b17b-51f3-9c8a-5cc4062cd305', '9984bf3c-330f-5a3c-a6d5-0e363377e597', 'a5e62633-e957-5476-bcfd-15051912e4ed', '1.0.0', 'Relevance, interest management, priorities, and bandwidth budgets', 5, 'major', 540, 1080, true, '206ec1dec5fea97cf21bcaaffac91f5db2d2715b9e16f368898bfedd6a156bdc', now()) on conflict (id) do update set title = excluded.title, content_sha256 = excluded.content_sha256;
insert into public.exercise_definitions(id, lesson_version_id, slug, type, mode, max_score, pass_score, evaluator_version, is_required, public_metadata) values ('c52dba01-056a-56f7-ac8f-767ec1b44cad', 'e9852572-426d-5550-a75f-bb0f569f4ab6', 'contract-check', 'multiple_choice', 'gating', 1, 1, 'exact-v1', true, jsonb_build_object('lesson_id', 'AD-NW-06')) on conflict (id) do update set evaluator_version = excluded.evaluator_version;
insert into content_private.exercise_keys(exercise_id, evaluator_kind, answer_key) values ('c52dba01-056a-56f7-ac8f-767ec1b44cad', 'exact', to_jsonb('correct'::text)) on conflict (exercise_id) do update set answer_key = excluded.answer_key;
insert into public.lesson_prerequisites(lesson_version_id, prerequisite_lesson_id) values ('e9852572-426d-5550-a75f-bb0f569f4ab6', '943f2ded-3ba9-5c0b-b748-fe03f93b5ba4') on conflict do nothing;
insert into public.lessons(id, slug, canonical_title) values ('55f0c6d1-b873-585d-848f-88dc2aa04136', 'ad-nw-07', 'Server-authoritative ability, combat, dodge, and block validation') on conflict (id) do update set canonical_title = excluded.canonical_title;
insert into public.lesson_versions(id, lesson_id, course_version_id, module_id, version, title, position, change_class, estimated_study_minutes, estimated_project_minutes, requires_project_evidence, content_sha256, published_at) values ('cb914a4f-0e24-5de6-bace-a21e0046fefe', '55f0c6d1-b873-585d-848f-88dc2aa04136', '9984bf3c-330f-5a3c-a6d5-0e363377e597', 'a5e62633-e957-5476-bcfd-15051912e4ed', '1.0.0', 'Server-authoritative ability, combat, dodge, and block validation', 6, 'major', 720, 1440, true, '65e4d3f2d4127341cbc1ff63c65eb56b206a8f8a9d7526aaaf7b9042f9e74fd1', now()) on conflict (id) do update set title = excluded.title, content_sha256 = excluded.content_sha256;
insert into public.exercise_definitions(id, lesson_version_id, slug, type, mode, max_score, pass_score, evaluator_version, is_required, public_metadata) values ('90961f58-b928-56cc-86d2-70cfa51c15bd', 'cb914a4f-0e24-5de6-bace-a21e0046fefe', 'contract-check', 'multiple_choice', 'gating', 1, 1, 'exact-v1', true, jsonb_build_object('lesson_id', 'AD-NW-07')) on conflict (id) do update set evaluator_version = excluded.evaluator_version;
insert into content_private.exercise_keys(exercise_id, evaluator_kind, answer_key) values ('90961f58-b928-56cc-86d2-70cfa51c15bd', 'exact', to_jsonb('correct'::text)) on conflict (exercise_id) do update set answer_key = excluded.answer_key;
insert into public.lesson_prerequisites(lesson_version_id, prerequisite_lesson_id) values ('cb914a4f-0e24-5de6-bace-a21e0046fefe', '68f361d4-b17b-51f3-9c8a-5cc4062cd305') on conflict do nothing;
insert into public.lessons(id, slug, canonical_title) values ('55f24c34-1534-579e-a521-7c5249647fd1', 'ad-nw-08', 'Party, lobby, server assignment, authentication, and one-to-eight session flow') on conflict (id) do update set canonical_title = excluded.canonical_title;
insert into public.lesson_versions(id, lesson_id, course_version_id, module_id, version, title, position, change_class, estimated_study_minutes, estimated_project_minutes, requires_project_evidence, content_sha256, published_at) values ('85f49ec5-6536-5aae-99d0-98a49c00c7d9', '55f24c34-1534-579e-a521-7c5249647fd1', '9984bf3c-330f-5a3c-a6d5-0e363377e597', 'a5e62633-e957-5476-bcfd-15051912e4ed', '1.0.0', 'Party, lobby, server assignment, authentication, and one-to-eight session flow', 7, 'major', 480, 960, true, '0ff4bd1bff9545200140070d9fda19f6b831b161628820803a8a05a1a7c0b451', now()) on conflict (id) do update set title = excluded.title, content_sha256 = excluded.content_sha256;
insert into public.exercise_definitions(id, lesson_version_id, slug, type, mode, max_score, pass_score, evaluator_version, is_required, public_metadata) values ('af74cb9f-cee0-5ead-974b-d6d15ffb8a5a', '85f49ec5-6536-5aae-99d0-98a49c00c7d9', 'contract-check', 'multiple_choice', 'gating', 1, 1, 'exact-v1', true, jsonb_build_object('lesson_id', 'AD-NW-08')) on conflict (id) do update set evaluator_version = excluded.evaluator_version;
insert into content_private.exercise_keys(exercise_id, evaluator_kind, answer_key) values ('af74cb9f-cee0-5ead-974b-d6d15ffb8a5a', 'exact', to_jsonb('correct'::text)) on conflict (exercise_id) do update set answer_key = excluded.answer_key;
insert into public.lesson_prerequisites(lesson_version_id, prerequisite_lesson_id) values ('85f49ec5-6536-5aae-99d0-98a49c00c7d9', '55f0c6d1-b873-585d-848f-88dc2aa04136') on conflict do nothing;
insert into public.lessons(id, slug, canonical_title) values ('332deb63-631a-509e-9fd9-7a076e3b8493', 'ad-nw-09', 'Reconnect, late join, travel, wipe, and failure recovery') on conflict (id) do update set canonical_title = excluded.canonical_title;
insert into public.lesson_versions(id, lesson_id, course_version_id, module_id, version, title, position, change_class, estimated_study_minutes, estimated_project_minutes, requires_project_evidence, content_sha256, published_at) values ('330eb777-2fcc-5a8e-bf65-0e315cc6422b', '332deb63-631a-509e-9fd9-7a076e3b8493', '9984bf3c-330f-5a3c-a6d5-0e363377e597', 'a5e62633-e957-5476-bcfd-15051912e4ed', '1.0.0', 'Reconnect, late join, travel, wipe, and failure recovery', 8, 'major', 480, 960, true, 'a2954d8b025044ffb5e5ff9b52f4dc661c98d423856f2920fd467377bb8e58ac', now()) on conflict (id) do update set title = excluded.title, content_sha256 = excluded.content_sha256;
insert into public.exercise_definitions(id, lesson_version_id, slug, type, mode, max_score, pass_score, evaluator_version, is_required, public_metadata) values ('07983659-5ac4-5f48-9443-67e27ab8d0b6', '330eb777-2fcc-5a8e-bf65-0e315cc6422b', 'contract-check', 'multiple_choice', 'gating', 1, 1, 'exact-v1', true, jsonb_build_object('lesson_id', 'AD-NW-09')) on conflict (id) do update set evaluator_version = excluded.evaluator_version;
insert into content_private.exercise_keys(exercise_id, evaluator_kind, answer_key) values ('07983659-5ac4-5f48-9443-67e27ab8d0b6', 'exact', to_jsonb('correct'::text)) on conflict (exercise_id) do update set answer_key = excluded.answer_key;
insert into public.lesson_prerequisites(lesson_version_id, prerequisite_lesson_id) values ('330eb777-2fcc-5a8e-bf65-0e315cc6422b', '55f24c34-1534-579e-a521-7c5249647fd1') on conflict do nothing;
insert into public.lessons(id, slug, canonical_title) values ('09cebd81-6303-520d-b26c-7088a4eef533', 'ad-nw-10', 'Authoritative persistence, save versions, item integrity, and migrations') on conflict (id) do update set canonical_title = excluded.canonical_title;
insert into public.lesson_versions(id, lesson_id, course_version_id, module_id, version, title, position, change_class, estimated_study_minutes, estimated_project_minutes, requires_project_evidence, content_sha256, published_at) values ('cd4f455d-11b3-505f-89be-635c3a4b7213', '09cebd81-6303-520d-b26c-7088a4eef533', '9984bf3c-330f-5a3c-a6d5-0e363377e597', 'a5e62633-e957-5476-bcfd-15051912e4ed', '1.0.0', 'Authoritative persistence, save versions, item integrity, and migrations', 9, 'major', 600, 1200, true, '14a85a97349278cd5f99b55dbf3c56b46238b28f4c27f3762bd81e222726fc7d', now()) on conflict (id) do update set title = excluded.title, content_sha256 = excluded.content_sha256;
insert into public.exercise_definitions(id, lesson_version_id, slug, type, mode, max_score, pass_score, evaluator_version, is_required, public_metadata) values ('78f1770a-d5a9-564a-a7e8-4fc750f710f7', 'cd4f455d-11b3-505f-89be-635c3a4b7213', 'contract-check', 'multiple_choice', 'gating', 1, 1, 'exact-v1', true, jsonb_build_object('lesson_id', 'AD-NW-10')) on conflict (id) do update set evaluator_version = excluded.evaluator_version;
insert into content_private.exercise_keys(exercise_id, evaluator_kind, answer_key) values ('78f1770a-d5a9-564a-a7e8-4fc750f710f7', 'exact', to_jsonb('correct'::text)) on conflict (exercise_id) do update set answer_key = excluded.answer_key;
insert into public.lesson_prerequisites(lesson_version_id, prerequisite_lesson_id) values ('cd4f455d-11b3-505f-89be-635c3a4b7213', '332deb63-631a-509e-9fd9-7a076e3b8493') on conflict do nothing;
insert into public.lessons(id, slug, canonical_title) values ('260d5d3c-2e32-5b11-93b3-33d18c03ae78', 'ad-nw-11', 'PvE anti-cheat trust boundaries, rate limits, and audit logs') on conflict (id) do update set canonical_title = excluded.canonical_title;
insert into public.lesson_versions(id, lesson_id, course_version_id, module_id, version, title, position, change_class, estimated_study_minutes, estimated_project_minutes, requires_project_evidence, content_sha256, published_at) values ('118ea2b9-c339-5ab0-816e-06cb72d83370', '260d5d3c-2e32-5b11-93b3-33d18c03ae78', '9984bf3c-330f-5a3c-a6d5-0e363377e597', 'a5e62633-e957-5476-bcfd-15051912e4ed', '1.0.0', 'PvE anti-cheat trust boundaries, rate limits, and audit logs', 10, 'major', 420, 720, true, '9210f08d738b0881d7de05db410b1dc7e85d57dd0a46f9e841b7d419c9fdc189', now()) on conflict (id) do update set title = excluded.title, content_sha256 = excluded.content_sha256;
insert into public.exercise_definitions(id, lesson_version_id, slug, type, mode, max_score, pass_score, evaluator_version, is_required, public_metadata) values ('6fc32d0d-cb4a-5af9-9a6d-5f3244e021ef', '118ea2b9-c339-5ab0-816e-06cb72d83370', 'contract-check', 'multiple_choice', 'gating', 1, 1, 'exact-v1', true, jsonb_build_object('lesson_id', 'AD-NW-11')) on conflict (id) do update set evaluator_version = excluded.evaluator_version;
insert into content_private.exercise_keys(exercise_id, evaluator_kind, answer_key) values ('6fc32d0d-cb4a-5af9-9a6d-5f3244e021ef', 'exact', to_jsonb('correct'::text)) on conflict (exercise_id) do update set answer_key = excluded.answer_key;
insert into public.lesson_prerequisites(lesson_version_id, prerequisite_lesson_id) values ('118ea2b9-c339-5ab0-816e-06cb72d83370', '09cebd81-6303-520d-b26c-7088a4eef533') on conflict do nothing;
insert into public.lessons(id, slug, canonical_title) values ('057267ac-d6e5-5597-ac30-09c7358ba2b1', 'ad-nw-12', 'Network simulation, parser fuzzing, load, and soak tests') on conflict (id) do update set canonical_title = excluded.canonical_title;
insert into public.lesson_versions(id, lesson_id, course_version_id, module_id, version, title, position, change_class, estimated_study_minutes, estimated_project_minutes, requires_project_evidence, content_sha256, published_at) values ('6b977b0a-800b-5901-bfbb-627c2e16da80', '057267ac-d6e5-5597-ac30-09c7358ba2b1', '9984bf3c-330f-5a3c-a6d5-0e363377e597', 'a5e62633-e957-5476-bcfd-15051912e4ed', '1.0.0', 'Network simulation, parser fuzzing, load, and soak tests', 11, 'major', 540, 1080, true, '08a15fa8ec9fd1ff430eee3dc93cc2072ab34762e39cfc09edb708ea944a7dc3', now()) on conflict (id) do update set title = excluded.title, content_sha256 = excluded.content_sha256;
insert into public.exercise_definitions(id, lesson_version_id, slug, type, mode, max_score, pass_score, evaluator_version, is_required, public_metadata) values ('f17db755-6276-5100-9813-86eecea2b357', '6b977b0a-800b-5901-bfbb-627c2e16da80', 'contract-check', 'multiple_choice', 'gating', 1, 1, 'exact-v1', true, jsonb_build_object('lesson_id', 'AD-NW-12')) on conflict (id) do update set evaluator_version = excluded.evaluator_version;
insert into content_private.exercise_keys(exercise_id, evaluator_kind, answer_key) values ('f17db755-6276-5100-9813-86eecea2b357', 'exact', to_jsonb('correct'::text)) on conflict (exercise_id) do update set answer_key = excluded.answer_key;
insert into public.lesson_prerequisites(lesson_version_id, prerequisite_lesson_id) values ('6b977b0a-800b-5901-bfbb-627c2e16da80', '260d5d3c-2e32-5b11-93b3-33d18c03ae78') on conflict do nothing;
insert into public.lessons(id, slug, canonical_title) values ('4d82f2be-13da-54c1-a1aa-6fbc74b9f9ca', 'ad-ux-01', 'RmlUi production architecture and UI data facades') on conflict (id) do update set canonical_title = excluded.canonical_title;
insert into public.lesson_versions(id, lesson_id, course_version_id, module_id, version, title, position, change_class, estimated_study_minutes, estimated_project_minutes, requires_project_evidence, content_sha256, published_at) values ('092d9dc8-fa7e-5cbc-b6d4-becbeda026cf', '4d82f2be-13da-54c1-a1aa-6fbc74b9f9ca', '9984bf3c-330f-5a3c-a6d5-0e363377e597', 'b9125c01-9ee0-595f-ab61-29ab31841c69', '1.0.0', 'RmlUi production architecture and UI data facades', 0, 'major', 480, 960, true, '0beba6d893f41b66a8bde3c9f8bab18a4bc892daac74cef1c19cff6f3522c99c', now()) on conflict (id) do update set title = excluded.title, content_sha256 = excluded.content_sha256;
insert into public.exercise_definitions(id, lesson_version_id, slug, type, mode, max_score, pass_score, evaluator_version, is_required, public_metadata) values ('7003256d-22da-5c9a-bfd8-1da6283bede8', '092d9dc8-fa7e-5cbc-b6d4-becbeda026cf', 'contract-check', 'multiple_choice', 'gating', 1, 1, 'exact-v1', true, jsonb_build_object('lesson_id', 'AD-UX-01')) on conflict (id) do update set evaluator_version = excluded.evaluator_version;
insert into content_private.exercise_keys(exercise_id, evaluator_kind, answer_key) values ('7003256d-22da-5c9a-bfd8-1da6283bede8', 'exact', to_jsonb('correct'::text)) on conflict (exercise_id) do update set answer_key = excluded.answer_key;
insert into public.lesson_prerequisites(lesson_version_id, prerequisite_lesson_id) values ('092d9dc8-fa7e-5cbc-b6d4-becbeda026cf', '057267ac-d6e5-5597-ac30-09c7358ba2b1') on conflict do nothing;
insert into public.lessons(id, slug, canonical_title) values ('f9a1b3d0-5766-5648-85a9-47a7c49e13c1', 'ad-ux-02', 'Party formation, roster, role clarity, ready state, and social signals') on conflict (id) do update set canonical_title = excluded.canonical_title;
insert into public.lesson_versions(id, lesson_id, course_version_id, module_id, version, title, position, change_class, estimated_study_minutes, estimated_project_minutes, requires_project_evidence, content_sha256, published_at) values ('5a601014-a2d2-5dd8-878f-5c09f81b44be', 'f9a1b3d0-5766-5648-85a9-47a7c49e13c1', '9984bf3c-330f-5a3c-a6d5-0e363377e597', 'b9125c01-9ee0-595f-ab61-29ab31841c69', '1.0.0', 'Party formation, roster, role clarity, ready state, and social signals', 1, 'major', 420, 840, true, 'd6611022fae5100bf68043a08e08ac42da0ab7ac1ba911c4dd3be28bfccdf74d', now()) on conflict (id) do update set title = excluded.title, content_sha256 = excluded.content_sha256;
insert into public.exercise_definitions(id, lesson_version_id, slug, type, mode, max_score, pass_score, evaluator_version, is_required, public_metadata) values ('1b9f5af3-bff7-5974-b0fc-90252c63dbe9', '5a601014-a2d2-5dd8-878f-5c09f81b44be', 'contract-check', 'multiple_choice', 'gating', 1, 1, 'exact-v1', true, jsonb_build_object('lesson_id', 'AD-UX-02')) on conflict (id) do update set evaluator_version = excluded.evaluator_version;
insert into content_private.exercise_keys(exercise_id, evaluator_kind, answer_key) values ('1b9f5af3-bff7-5974-b0fc-90252c63dbe9', 'exact', to_jsonb('correct'::text)) on conflict (exercise_id) do update set answer_key = excluded.answer_key;
insert into public.lesson_prerequisites(lesson_version_id, prerequisite_lesson_id) values ('5a601014-a2d2-5dd8-878f-5c09f81b44be', '4d82f2be-13da-54c1-a1aa-6fbc74b9f9ca') on conflict do nothing;
insert into public.lessons(id, slug, canonical_title) values ('60f51326-4503-524d-af91-9d8bdeb7d00a', 'ad-ux-03', 'Ally frames, death/downed/revive, healer triage, and off-screen awareness') on conflict (id) do update set canonical_title = excluded.canonical_title;
insert into public.lesson_versions(id, lesson_id, course_version_id, module_id, version, title, position, change_class, estimated_study_minutes, estimated_project_minutes, requires_project_evidence, content_sha256, published_at) values ('86743a1f-053c-5680-b1f3-1e8a15a9c553', '60f51326-4503-524d-af91-9d8bdeb7d00a', '9984bf3c-330f-5a3c-a6d5-0e363377e597', 'b9125c01-9ee0-595f-ab61-29ab31841c69', '1.0.0', 'Ally frames, death/downed/revive, healer triage, and off-screen awareness', 2, 'major', 420, 840, true, '192c39f5288c18288499b9bec46c41729e4ba3548395cf112bf3b04d54a65758', now()) on conflict (id) do update set title = excluded.title, content_sha256 = excluded.content_sha256;
insert into public.exercise_definitions(id, lesson_version_id, slug, type, mode, max_score, pass_score, evaluator_version, is_required, public_metadata) values ('0e2d73ac-4752-5b7c-a063-6e69576094ae', '86743a1f-053c-5680-b1f3-1e8a15a9c553', 'contract-check', 'multiple_choice', 'gating', 1, 1, 'exact-v1', true, jsonb_build_object('lesson_id', 'AD-UX-03')) on conflict (id) do update set evaluator_version = excluded.evaluator_version;
insert into content_private.exercise_keys(exercise_id, evaluator_kind, answer_key) values ('0e2d73ac-4752-5b7c-a063-6e69576094ae', 'exact', to_jsonb('correct'::text)) on conflict (exercise_id) do update set answer_key = excluded.answer_key;
insert into public.lesson_prerequisites(lesson_version_id, prerequisite_lesson_id) values ('86743a1f-053c-5680-b1f3-1e8a15a9c553', 'f9a1b3d0-5766-5648-85a9-47a7c49e13c1') on conflict do nothing;
insert into public.lessons(id, slug, canonical_title) values ('3a956e1c-c2c4-52e8-80d0-925cc5e8b623', 'ad-ux-04', 'Eight-player effect density, telegraph priority, and combat readability') on conflict (id) do update set canonical_title = excluded.canonical_title;
insert into public.lesson_versions(id, lesson_id, course_version_id, module_id, version, title, position, change_class, estimated_study_minutes, estimated_project_minutes, requires_project_evidence, content_sha256, published_at) values ('9cff741c-cb31-5a23-bf66-0845d38140b3', '3a956e1c-c2c4-52e8-80d0-925cc5e8b623', '9984bf3c-330f-5a3c-a6d5-0e363377e597', 'b9125c01-9ee0-595f-ab61-29ab31841c69', '1.0.0', 'Eight-player effect density, telegraph priority, and combat readability', 3, 'major', 480, 960, true, '9570d6791d8941b4745e01ab153f019e031b1c511d98f07634a6b2c9df56507f', now()) on conflict (id) do update set title = excluded.title, content_sha256 = excluded.content_sha256;
insert into public.exercise_definitions(id, lesson_version_id, slug, type, mode, max_score, pass_score, evaluator_version, is_required, public_metadata) values ('fe9b9558-4cda-509f-9aed-881805d93a9d', '9cff741c-cb31-5a23-bf66-0845d38140b3', 'contract-check', 'multiple_choice', 'gating', 1, 1, 'exact-v1', true, jsonb_build_object('lesson_id', 'AD-UX-04')) on conflict (id) do update set evaluator_version = excluded.evaluator_version;
insert into content_private.exercise_keys(exercise_id, evaluator_kind, answer_key) values ('fe9b9558-4cda-509f-9aed-881805d93a9d', 'exact', to_jsonb('correct'::text)) on conflict (exercise_id) do update set answer_key = excluded.answer_key;
insert into public.lesson_prerequisites(lesson_version_id, prerequisite_lesson_id) values ('9cff741c-cb31-5a23-bf66-0845d38140b3', '60f51326-4503-524d-af91-9d8bdeb7d00a') on conflict do nothing;
insert into public.lessons(id, slug, canonical_title) values ('569ce9dd-9239-5c09-9fa9-e4b3a1607a52', 'ad-ux-05', 'Keyboard/mouse/controller parity, remapping, glyphs, and UI navigation') on conflict (id) do update set canonical_title = excluded.canonical_title;
insert into public.lesson_versions(id, lesson_id, course_version_id, module_id, version, title, position, change_class, estimated_study_minutes, estimated_project_minutes, requires_project_evidence, content_sha256, published_at) values ('33927d58-797a-556d-a02a-e8d9b658596f', '569ce9dd-9239-5c09-9fa9-e4b3a1607a52', '9984bf3c-330f-5a3c-a6d5-0e363377e597', 'b9125c01-9ee0-595f-ab61-29ab31841c69', '1.0.0', 'Keyboard/mouse/controller parity, remapping, glyphs, and UI navigation', 4, 'major', 420, 840, true, 'bb69acd73a6ab35e91b1ddc84c176f8237a369e7acc47790d517b62508773474', now()) on conflict (id) do update set title = excluded.title, content_sha256 = excluded.content_sha256;
insert into public.exercise_definitions(id, lesson_version_id, slug, type, mode, max_score, pass_score, evaluator_version, is_required, public_metadata) values ('45fd25c7-6948-5ac9-a4a4-6723ac5dec82', '33927d58-797a-556d-a02a-e8d9b658596f', 'contract-check', 'multiple_choice', 'gating', 1, 1, 'exact-v1', true, jsonb_build_object('lesson_id', 'AD-UX-05')) on conflict (id) do update set evaluator_version = excluded.evaluator_version;
insert into content_private.exercise_keys(exercise_id, evaluator_kind, answer_key) values ('45fd25c7-6948-5ac9-a4a4-6723ac5dec82', 'exact', to_jsonb('correct'::text)) on conflict (exercise_id) do update set answer_key = excluded.answer_key;
insert into public.lesson_prerequisites(lesson_version_id, prerequisite_lesson_id) values ('33927d58-797a-556d-a02a-e8d9b658596f', '3a956e1c-c2c4-52e8-80d0-925cc5e8b623') on conflict do nothing;
insert into public.lessons(id, slug, canonical_title) values ('162d61b6-8fb9-551a-9eb1-3243d8f96d1c', 'ad-ux-06', 'Accessibility, UI scaling, localization readiness, and configurable feedback') on conflict (id) do update set canonical_title = excluded.canonical_title;
insert into public.lesson_versions(id, lesson_id, course_version_id, module_id, version, title, position, change_class, estimated_study_minutes, estimated_project_minutes, requires_project_evidence, content_sha256, published_at) values ('d9cc3a25-b3a9-57e1-aafd-abdf19fd0310', '162d61b6-8fb9-551a-9eb1-3243d8f96d1c', '9984bf3c-330f-5a3c-a6d5-0e363377e597', 'b9125c01-9ee0-595f-ab61-29ab31841c69', '1.0.0', 'Accessibility, UI scaling, localization readiness, and configurable feedback', 5, 'major', 480, 960, true, 'c80159b9bcd3207f5741456d42b05a7a3c6ec2aa8f074000b604b94e63871c4e', now()) on conflict (id) do update set title = excluded.title, content_sha256 = excluded.content_sha256;
insert into public.exercise_definitions(id, lesson_version_id, slug, type, mode, max_score, pass_score, evaluator_version, is_required, public_metadata) values ('ed8f8b03-a267-5efd-bbf9-a443424146ff', 'd9cc3a25-b3a9-57e1-aafd-abdf19fd0310', 'contract-check', 'multiple_choice', 'gating', 1, 1, 'exact-v1', true, jsonb_build_object('lesson_id', 'AD-UX-06')) on conflict (id) do update set evaluator_version = excluded.evaluator_version;
insert into content_private.exercise_keys(exercise_id, evaluator_kind, answer_key) values ('ed8f8b03-a267-5efd-bbf9-a443424146ff', 'exact', to_jsonb('correct'::text)) on conflict (exercise_id) do update set answer_key = excluded.answer_key;
insert into public.lesson_prerequisites(lesson_version_id, prerequisite_lesson_id) values ('d9cc3a25-b3a9-57e1-aafd-abdf19fd0310', '569ce9dd-9239-5c09-9fa9-e4b3a1607a52') on conflict do nothing;
insert into public.lessons(id, slug, canonical_title) values ('49df53f2-39b5-5b76-9e9b-4ca1ea2346c2', 'ad-qa-01', 'Layered automated test architecture and CI matrix') on conflict (id) do update set canonical_title = excluded.canonical_title;
insert into public.lesson_versions(id, lesson_id, course_version_id, module_id, version, title, position, change_class, estimated_study_minutes, estimated_project_minutes, requires_project_evidence, content_sha256, published_at) values ('833058c6-052b-5197-9dc8-a6953ced2531', '49df53f2-39b5-5b76-9e9b-4ca1ea2346c2', '9984bf3c-330f-5a3c-a6d5-0e363377e597', '63c6ba8c-4627-5c9c-af85-59e7e820438e', '1.0.0', 'Layered automated test architecture and CI matrix', 0, 'major', 420, 840, true, '002bb6087bdd25756990984b156f999928b15b78f2a5f18eb7691ce3e3359095', now()) on conflict (id) do update set title = excluded.title, content_sha256 = excluded.content_sha256;
insert into public.exercise_definitions(id, lesson_version_id, slug, type, mode, max_score, pass_score, evaluator_version, is_required, public_metadata) values ('dc7eebc5-192e-5312-a046-25134e8fc66f', '833058c6-052b-5197-9dc8-a6953ced2531', 'contract-check', 'multiple_choice', 'gating', 1, 1, 'exact-v1', true, jsonb_build_object('lesson_id', 'AD-QA-01')) on conflict (id) do update set evaluator_version = excluded.evaluator_version;
insert into content_private.exercise_keys(exercise_id, evaluator_kind, answer_key) values ('dc7eebc5-192e-5312-a046-25134e8fc66f', 'exact', to_jsonb('correct'::text)) on conflict (exercise_id) do update set answer_key = excluded.answer_key;
insert into public.lesson_prerequisites(lesson_version_id, prerequisite_lesson_id) values ('833058c6-052b-5197-9dc8-a6953ced2531', '162d61b6-8fb9-551a-9eb1-3243d8f96d1c') on conflict do nothing;
insert into public.lessons(id, slug, canonical_title) values ('fe317aa2-cc35-5b27-8a35-e73a92163a6e', 'ad-qa-02', 'Sanitizers, static analysis, fuzzing, and concurrency safety') on conflict (id) do update set canonical_title = excluded.canonical_title;
insert into public.lesson_versions(id, lesson_id, course_version_id, module_id, version, title, position, change_class, estimated_study_minutes, estimated_project_minutes, requires_project_evidence, content_sha256, published_at) values ('85b8d85c-19fa-59cb-a483-bea16826ded5', 'fe317aa2-cc35-5b27-8a35-e73a92163a6e', '9984bf3c-330f-5a3c-a6d5-0e363377e597', '63c6ba8c-4627-5c9c-af85-59e7e820438e', '1.0.0', 'Sanitizers, static analysis, fuzzing, and concurrency safety', 1, 'major', 420, 840, true, '11c8a7d3eaf3af782e76107d33d55d9e8d0228d8ab5bef64a12c683b45956914', now()) on conflict (id) do update set title = excluded.title, content_sha256 = excluded.content_sha256;
insert into public.exercise_definitions(id, lesson_version_id, slug, type, mode, max_score, pass_score, evaluator_version, is_required, public_metadata) values ('9488910c-088c-5fad-9b55-4a26b9bdb6e1', '85b8d85c-19fa-59cb-a483-bea16826ded5', 'contract-check', 'multiple_choice', 'gating', 1, 1, 'exact-v1', true, jsonb_build_object('lesson_id', 'AD-QA-02')) on conflict (id) do update set evaluator_version = excluded.evaluator_version;
insert into content_private.exercise_keys(exercise_id, evaluator_kind, answer_key) values ('9488910c-088c-5fad-9b55-4a26b9bdb6e1', 'exact', to_jsonb('correct'::text)) on conflict (exercise_id) do update set answer_key = excluded.answer_key;
insert into public.lesson_prerequisites(lesson_version_id, prerequisite_lesson_id) values ('85b8d85c-19fa-59cb-a483-bea16826ded5', '49df53f2-39b5-5b76-9e9b-4ca1ea2346c2') on conflict do nothing;
insert into public.lessons(id, slug, canonical_title) values ('d427a297-aad0-5be8-ab22-0ed5f7fb80bd', 'ad-qa-03', 'Profiling and explicit performance budgets') on conflict (id) do update set canonical_title = excluded.canonical_title;
insert into public.lesson_versions(id, lesson_id, course_version_id, module_id, version, title, position, change_class, estimated_study_minutes, estimated_project_minutes, requires_project_evidence, content_sha256, published_at) values ('6779faa9-6658-54ad-b68e-964ffffe110a', 'd427a297-aad0-5be8-ab22-0ed5f7fb80bd', '9984bf3c-330f-5a3c-a6d5-0e363377e597', '63c6ba8c-4627-5c9c-af85-59e7e820438e', '1.0.0', 'Profiling and explicit performance budgets', 2, 'major', 480, 960, true, '0f3742e8399c33a6b7768309db048d241aa215256e092714af4f6474c1b0e2e8', now()) on conflict (id) do update set title = excluded.title, content_sha256 = excluded.content_sha256;
insert into public.exercise_definitions(id, lesson_version_id, slug, type, mode, max_score, pass_score, evaluator_version, is_required, public_metadata) values ('2561fab9-cd9b-522a-80a2-af00f068f40f', '6779faa9-6658-54ad-b68e-964ffffe110a', 'contract-check', 'multiple_choice', 'gating', 1, 1, 'exact-v1', true, jsonb_build_object('lesson_id', 'AD-QA-03')) on conflict (id) do update set evaluator_version = excluded.evaluator_version;
insert into content_private.exercise_keys(exercise_id, evaluator_kind, answer_key) values ('2561fab9-cd9b-522a-80a2-af00f068f40f', 'exact', to_jsonb('correct'::text)) on conflict (exercise_id) do update set answer_key = excluded.answer_key;
insert into public.lesson_prerequisites(lesson_version_id, prerequisite_lesson_id) values ('6779faa9-6658-54ad-b68e-964ffffe110a', 'fe317aa2-cc35-5b27-8a35-e73a92163a6e') on conflict do nothing;
insert into public.lessons(id, slug, canonical_title) values ('8796ce1c-897d-5564-857f-3b2e9577c145', 'ad-qa-04', 'Logging, crash capture, metrics, traces, and privacy') on conflict (id) do update set canonical_title = excluded.canonical_title;
insert into public.lesson_versions(id, lesson_id, course_version_id, module_id, version, title, position, change_class, estimated_study_minutes, estimated_project_minutes, requires_project_evidence, content_sha256, published_at) values ('1c460c2a-dd18-5d59-992f-8bd06e0cb88e', '8796ce1c-897d-5564-857f-3b2e9577c145', '9984bf3c-330f-5a3c-a6d5-0e363377e597', '63c6ba8c-4627-5c9c-af85-59e7e820438e', '1.0.0', 'Logging, crash capture, metrics, traces, and privacy', 3, 'major', 420, 840, true, 'cf7eea2fe370f6e2cd57b188f3b88b691e615d6c93582f02df8759844de6ce89', now()) on conflict (id) do update set title = excluded.title, content_sha256 = excluded.content_sha256;
insert into public.exercise_definitions(id, lesson_version_id, slug, type, mode, max_score, pass_score, evaluator_version, is_required, public_metadata) values ('6130b573-cf79-535b-b490-9ce8b7a46f58', '1c460c2a-dd18-5d59-992f-8bd06e0cb88e', 'contract-check', 'multiple_choice', 'gating', 1, 1, 'exact-v1', true, jsonb_build_object('lesson_id', 'AD-QA-04')) on conflict (id) do update set evaluator_version = excluded.evaluator_version;
insert into content_private.exercise_keys(exercise_id, evaluator_kind, answer_key) values ('6130b573-cf79-535b-b490-9ce8b7a46f58', 'exact', to_jsonb('correct'::text)) on conflict (exercise_id) do update set answer_key = excluded.answer_key;
insert into public.lesson_prerequisites(lesson_version_id, prerequisite_lesson_id) values ('1c460c2a-dd18-5d59-992f-8bd06e0cb88e', 'd427a297-aad0-5be8-ab22-0ed5f7fb80bd') on conflict do nothing;
insert into public.lessons(id, slug, canonical_title) values ('928602c4-3566-519a-98bf-082866d66dc3', 'ad-qa-05', 'Long-session soak, patch-forward compatibility, and release candidate rehearsal') on conflict (id) do update set canonical_title = excluded.canonical_title;
insert into public.lesson_versions(id, lesson_id, course_version_id, module_id, version, title, position, change_class, estimated_study_minutes, estimated_project_minutes, requires_project_evidence, content_sha256, published_at) values ('df3c0a5a-8142-53a8-a08d-34ed5a6b7cbd', '928602c4-3566-519a-98bf-082866d66dc3', '9984bf3c-330f-5a3c-a6d5-0e363377e597', '63c6ba8c-4627-5c9c-af85-59e7e820438e', '1.0.0', 'Long-session soak, patch-forward compatibility, and release candidate rehearsal', 4, 'major', 420, 960, true, 'a7eb0ddda8709e5e52517ada9aa524178824086d0b6cc4167939d3b1bab32601', now()) on conflict (id) do update set title = excluded.title, content_sha256 = excluded.content_sha256;
insert into public.exercise_definitions(id, lesson_version_id, slug, type, mode, max_score, pass_score, evaluator_version, is_required, public_metadata) values ('075582c2-697b-58a5-8917-7bcb46e40306', 'df3c0a5a-8142-53a8-a08d-34ed5a6b7cbd', 'contract-check', 'multiple_choice', 'gating', 1, 1, 'exact-v1', true, jsonb_build_object('lesson_id', 'AD-QA-05')) on conflict (id) do update set evaluator_version = excluded.evaluator_version;
insert into content_private.exercise_keys(exercise_id, evaluator_kind, answer_key) values ('075582c2-697b-58a5-8917-7bcb46e40306', 'exact', to_jsonb('correct'::text)) on conflict (exercise_id) do update set answer_key = excluded.answer_key;
insert into public.lesson_prerequisites(lesson_version_id, prerequisite_lesson_id) values ('df3c0a5a-8142-53a8-a08d-34ed5a6b7cbd', '8796ce1c-897d-5564-857f-3b2e9577c145') on conflict do nothing;
insert into public.lessons(id, slug, canonical_title) values ('331e7365-b04c-59f5-a0b4-cc4b5c146545', 'ad-sh-01', 'Steamworks boundary, Spacewar study, authentication, lobbies, and servers') on conflict (id) do update set canonical_title = excluded.canonical_title;
insert into public.lesson_versions(id, lesson_id, course_version_id, module_id, version, title, position, change_class, estimated_study_minutes, estimated_project_minutes, requires_project_evidence, content_sha256, published_at) values ('d0a0dff3-7b5e-5e72-bcfe-a3ff982d433f', '331e7365-b04c-59f5-a0b4-cc4b5c146545', '9984bf3c-330f-5a3c-a6d5-0e363377e597', '956d9d38-def6-5d32-9155-2f1a0a14b0bc', '1.0.0', 'Steamworks boundary, Spacewar study, authentication, lobbies, and servers', 0, 'major', 360, 0, true, 'a8dcb6a68ee3601cf7fe75101012ee2e26e8295c7886380dad2efbad7273f64a', now()) on conflict (id) do update set title = excluded.title, content_sha256 = excluded.content_sha256;
insert into public.exercise_definitions(id, lesson_version_id, slug, type, mode, max_score, pass_score, evaluator_version, is_required, public_metadata) values ('847542f8-1718-5d7d-90d3-001a4d07ee79', 'd0a0dff3-7b5e-5e72-bcfe-a3ff982d433f', 'contract-check', 'multiple_choice', 'gating', 1, 1, 'exact-v1', true, jsonb_build_object('lesson_id', 'AD-SH-01')) on conflict (id) do update set evaluator_version = excluded.evaluator_version;
insert into content_private.exercise_keys(exercise_id, evaluator_kind, answer_key) values ('847542f8-1718-5d7d-90d3-001a4d07ee79', 'exact', to_jsonb('correct'::text)) on conflict (exercise_id) do update set answer_key = excluded.answer_key;
insert into public.lesson_prerequisites(lesson_version_id, prerequisite_lesson_id) values ('d0a0dff3-7b5e-5e72-bcfe-a3ff982d433f', '928602c4-3566-519a-98bf-082866d66dc3') on conflict do nothing;
insert into public.lessons(id, slug, canonical_title) values ('27aab08c-01a6-5ffe-9492-41b7cb295a6b', 'ad-sh-02', 'SteamPipe, depots, client/server packages, branches, and build promotion') on conflict (id) do update set canonical_title = excluded.canonical_title;
insert into public.lesson_versions(id, lesson_id, course_version_id, module_id, version, title, position, change_class, estimated_study_minutes, estimated_project_minutes, requires_project_evidence, content_sha256, published_at) values ('b48adf72-d2ef-53e3-93ad-d5dacd84ddd9', '27aab08c-01a6-5ffe-9492-41b7cb295a6b', '9984bf3c-330f-5a3c-a6d5-0e363377e597', '956d9d38-def6-5d32-9155-2f1a0a14b0bc', '1.0.0', 'SteamPipe, depots, client/server packages, branches, and build promotion', 1, 'major', 420, 840, true, 'eb6912f56f24946b94cdf2b2e91ec0bd8c4fe28e38fb0810ea5b3ad03465b5af', now()) on conflict (id) do update set title = excluded.title, content_sha256 = excluded.content_sha256;
insert into public.exercise_definitions(id, lesson_version_id, slug, type, mode, max_score, pass_score, evaluator_version, is_required, public_metadata) values ('89ebdbd8-1bec-560e-adeb-40daccc3f3e7', 'b48adf72-d2ef-53e3-93ad-d5dacd84ddd9', 'contract-check', 'multiple_choice', 'gating', 1, 1, 'exact-v1', true, jsonb_build_object('lesson_id', 'AD-SH-02')) on conflict (id) do update set evaluator_version = excluded.evaluator_version;
insert into content_private.exercise_keys(exercise_id, evaluator_kind, answer_key) values ('89ebdbd8-1bec-560e-adeb-40daccc3f3e7', 'exact', to_jsonb('correct'::text)) on conflict (exercise_id) do update set answer_key = excluded.answer_key;
insert into public.lesson_prerequisites(lesson_version_id, prerequisite_lesson_id) values ('b48adf72-d2ef-53e3-93ad-d5dacd84ddd9', '331e7365-b04c-59f5-a0b4-cc4b5c146545') on conflict do nothing;
insert into public.lessons(id, slug, canonical_title) values ('f94a6bca-7a72-59ae-8831-c0bced020da1', 'ad-sh-03', 'Steam Cloud, save conflicts, achievements, and stats') on conflict (id) do update set canonical_title = excluded.canonical_title;
insert into public.lesson_versions(id, lesson_id, course_version_id, module_id, version, title, position, change_class, estimated_study_minutes, estimated_project_minutes, requires_project_evidence, content_sha256, published_at) values ('15c00d4e-7609-570f-acea-18ab271c90be', 'f94a6bca-7a72-59ae-8831-c0bced020da1', '9984bf3c-330f-5a3c-a6d5-0e363377e597', '956d9d38-def6-5d32-9155-2f1a0a14b0bc', '1.0.0', 'Steam Cloud, save conflicts, achievements, and stats', 2, 'major', 360, 720, true, '1a1b4ae429ba10ed18d8aae4fe6f1f493c9c89ffafb36fd7ee5ed06c5e6b6b18', now()) on conflict (id) do update set title = excluded.title, content_sha256 = excluded.content_sha256;
insert into public.exercise_definitions(id, lesson_version_id, slug, type, mode, max_score, pass_score, evaluator_version, is_required, public_metadata) values ('b3a619aa-2341-59dc-ac06-997233e73314', '15c00d4e-7609-570f-acea-18ab271c90be', 'contract-check', 'multiple_choice', 'gating', 1, 1, 'exact-v1', true, jsonb_build_object('lesson_id', 'AD-SH-03')) on conflict (id) do update set evaluator_version = excluded.evaluator_version;
insert into content_private.exercise_keys(exercise_id, evaluator_kind, answer_key) values ('b3a619aa-2341-59dc-ac06-997233e73314', 'exact', to_jsonb('correct'::text)) on conflict (exercise_id) do update set answer_key = excluded.answer_key;
insert into public.lesson_prerequisites(lesson_version_id, prerequisite_lesson_id) values ('15c00d4e-7609-570f-acea-18ab271c90be', '27aab08c-01a6-5ffe-9492-41b7cb295a6b') on conflict do nothing;
insert into public.lessons(id, slug, canonical_title) values ('6da99138-3734-5bd4-9b1b-5c922c0aa510', 'ad-sh-04', 'Store page, graphical assets, Coming Soon, and honest Early Access scope') on conflict (id) do update set canonical_title = excluded.canonical_title;
insert into public.lesson_versions(id, lesson_id, course_version_id, module_id, version, title, position, change_class, estimated_study_minutes, estimated_project_minutes, requires_project_evidence, content_sha256, published_at) values ('315e5e30-041c-5a61-be90-67d4e056cd8d', '6da99138-3734-5bd4-9b1b-5c922c0aa510', '9984bf3c-330f-5a3c-a6d5-0e363377e597', '956d9d38-def6-5d32-9155-2f1a0a14b0bc', '1.0.0', 'Store page, graphical assets, Coming Soon, and honest Early Access scope', 3, 'major', 360, 720, true, 'fa502f0f1289d356a72974bcd6bd9a41f93df6b415ad32ed86e7957fd4dfc33b', now()) on conflict (id) do update set title = excluded.title, content_sha256 = excluded.content_sha256;
insert into public.exercise_definitions(id, lesson_version_id, slug, type, mode, max_score, pass_score, evaluator_version, is_required, public_metadata) values ('cc04f91d-a088-51c2-9e8e-7580a501405e', '315e5e30-041c-5a61-be90-67d4e056cd8d', 'contract-check', 'multiple_choice', 'gating', 1, 1, 'exact-v1', true, jsonb_build_object('lesson_id', 'AD-SH-04')) on conflict (id) do update set evaluator_version = excluded.evaluator_version;
insert into content_private.exercise_keys(exercise_id, evaluator_kind, answer_key) values ('cc04f91d-a088-51c2-9e8e-7580a501405e', 'exact', to_jsonb('correct'::text)) on conflict (exercise_id) do update set answer_key = excluded.answer_key;
insert into public.lesson_prerequisites(lesson_version_id, prerequisite_lesson_id) values ('315e5e30-041c-5a61-be90-67d4e056cd8d', 'f94a6bca-7a72-59ae-8831-c0bced020da1') on conflict do nothing;
insert into public.lessons(id, slug, canonical_title) values ('400d1a7b-f0db-5ea4-bbd5-0b76e8913af3', 'ad-sh-05', 'Patch, support, crash triage, save compatibility, and communication workflow') on conflict (id) do update set canonical_title = excluded.canonical_title;
insert into public.lesson_versions(id, lesson_id, course_version_id, module_id, version, title, position, change_class, estimated_study_minutes, estimated_project_minutes, requires_project_evidence, content_sha256, published_at) values ('a6016558-3e9f-500d-8b4e-5266a20c521b', '400d1a7b-f0db-5ea4-bbd5-0b76e8913af3', '9984bf3c-330f-5a3c-a6d5-0e363377e597', '956d9d38-def6-5d32-9155-2f1a0a14b0bc', '1.0.0', 'Patch, support, crash triage, save compatibility, and communication workflow', 4, 'major', 300, 480, true, '92c235d35bec91bbbed2d14f028f219c3f811b3708ad2d1950144d32e4008df0', now()) on conflict (id) do update set title = excluded.title, content_sha256 = excluded.content_sha256;
insert into public.exercise_definitions(id, lesson_version_id, slug, type, mode, max_score, pass_score, evaluator_version, is_required, public_metadata) values ('aee7bb41-eb44-54f7-a360-e9e6f0ae784c', 'a6016558-3e9f-500d-8b4e-5266a20c521b', 'contract-check', 'multiple_choice', 'gating', 1, 1, 'exact-v1', true, jsonb_build_object('lesson_id', 'AD-SH-05')) on conflict (id) do update set evaluator_version = excluded.evaluator_version;
insert into content_private.exercise_keys(exercise_id, evaluator_kind, answer_key) values ('aee7bb41-eb44-54f7-a360-e9e6f0ae784c', 'exact', to_jsonb('correct'::text)) on conflict (exercise_id) do update set answer_key = excluded.answer_key;
insert into public.lesson_prerequisites(lesson_version_id, prerequisite_lesson_id) values ('a6016558-3e9f-500d-8b4e-5266a20c521b', '6da99138-3734-5bd4-9b1b-5c922c0aa510') on conflict do nothing;
insert into public.lessons(id, slug, canonical_title) values ('63c8efd9-820d-55aa-83f1-86ac7ce2f5cf', 'ad-sh-06', 'Final Early Access gate and sustainable next-content plan') on conflict (id) do update set canonical_title = excluded.canonical_title;
insert into public.lesson_versions(id, lesson_id, course_version_id, module_id, version, title, position, change_class, estimated_study_minutes, estimated_project_minutes, requires_project_evidence, content_sha256, published_at) values ('1b3f7f00-de90-5f88-bea2-daf539217780', '63c8efd9-820d-55aa-83f1-86ac7ce2f5cf', '9984bf3c-330f-5a3c-a6d5-0e363377e597', '956d9d38-def6-5d32-9155-2f1a0a14b0bc', '1.0.0', 'Final Early Access gate and sustainable next-content plan', 5, 'major', 360, 720, true, '95d621e75c8b16766988c8bb4f14906a9bb0f8b2d5cd606bc1b824bd72a381a1', now()) on conflict (id) do update set title = excluded.title, content_sha256 = excluded.content_sha256;
insert into public.exercise_definitions(id, lesson_version_id, slug, type, mode, max_score, pass_score, evaluator_version, is_required, public_metadata) values ('e207ebf4-891f-5265-af85-63d68861a291', '1b3f7f00-de90-5f88-bea2-daf539217780', 'contract-check', 'multiple_choice', 'gating', 1, 1, 'exact-v1', true, jsonb_build_object('lesson_id', 'AD-SH-06')) on conflict (id) do update set evaluator_version = excluded.evaluator_version;
insert into content_private.exercise_keys(exercise_id, evaluator_kind, answer_key) values ('e207ebf4-891f-5265-af85-63d68861a291', 'exact', to_jsonb('correct'::text)) on conflict (exercise_id) do update set answer_key = excluded.answer_key;
insert into public.lesson_prerequisites(lesson_version_id, prerequisite_lesson_id) values ('1b3f7f00-de90-5f88-bea2-daf539217780', '400d1a7b-f0db-5ea4-bbd5-0b76e8913af3') on conflict do nothing;
insert into public.milestone_definitions(id, course_version_id, slug, title, position, required_evidence_types) values ('41c213b4-c82c-517c-bc0c-3d726b21d0f3', '9984bf3c-330f-5a3c-a6d5-0e363377e597', 'ad-gate-00', 'Reproducible toolchain and repository', 0, array['commit_hash','checklist','reflection','test_summary']) on conflict (id) do update set title = excluded.title;
insert into public.milestone_definitions(id, course_version_id, slug, title, position, required_evidence_types) values ('3221b90f-c83a-5d6b-935f-f2216425268d', '9984bf3c-330f-5a3c-a6d5-0e363377e597', 'ad-gate-01', 'Third-person combat feel probes', 1, array['commit_hash','checklist','reflection','test_summary']) on conflict (id) do update set title = excluded.title;
insert into public.milestone_definitions(id, course_version_id, slug, title, position, required_evidence_types) values ('dacf6038-f48f-5c11-9fd7-49d875e081f6', '9984bf3c-330f-5a3c-a6d5-0e363377e597', 'ad-gate-02', 'Local authoritative vertical slice', 2, array['commit_hash','checklist','reflection','test_summary']) on conflict (id) do update set title = excluded.title;
insert into public.milestone_definitions(id, course_version_id, slug, title, position, required_evidence_types) values ('c0806a82-0a5b-51d7-8478-981aef22bfad', '9984bf3c-330f-5a3c-a6d5-0e363377e597', 'ad-gate-03', 'Two-player authoritative proof', 3, array['commit_hash','checklist','reflection','test_summary']) on conflict (id) do update set title = excluded.title;
insert into public.milestone_definitions(id, course_version_id, slug, title, position, required_evidence_types) values ('b72db575-64cc-56a4-b96f-81190193250f', '9984bf3c-330f-5a3c-a6d5-0e363377e597', 'ad-gate-04', 'Eight-player stress slice', 4, array['commit_hash','checklist','reflection','test_summary']) on conflict (id) do update set title = excluded.title;
insert into public.milestone_definitions(id, course_version_id, slug, title, position, required_evidence_types) values ('b2e8e4dd-d2c8-5fda-b1af-457a29c75f31', '9984bf3c-330f-5a3c-a6d5-0e363377e597', 'ad-gate-05', 'Steam Early Access readiness', 5, array['commit_hash','checklist','reflection','test_summary']) on conflict (id) do update set title = excluded.title;
commit;
